application_number,brand_name,generic_name,substance_name,sponsor_name,route,dosage_form,marketing_start_date
NDA017395,,,,HOSPIRA,INJECTION,INJECTABLE,
NDA017439,,,,ALLERGAN,INJECTION,INJECTABLE,
ANDA083538,,,,HALSEY,ORAL,CAPSULE,
ANDA084147,,,,SOLA BARNES HIND,OPHTHALMIC,SOLUTION/DROPS,
ANDA084648,,,,IVAX SUB TEVA PHARMS,ORAL,TABLET,
ANDA081222,,,,PHARMACIA AND UPJOHN,INJECTION,INJECTABLE,
ANDA076821,,,,TEVA,ORAL,TABLET,
ANDA077111,BETAMETHASONE DIPROPIONATE,BETAMETHASONE DIPROPIONATE,BETAMETHASONE DIPROPIONATE,FOUGERA PHARMS,TOPICAL,"LOTION, AUGMENTED",
ANDA077413,,,,PLIVA LACHEMA,INJECTION,INJECTABLE,
ANDA077713,,,,APPCO,ORAL,TABLET,
ANDA078008,MELOXICAM,MELOXICAM,MELOXICAM,AUROBINDO PHARMA,ORAL,TABLET,
ANDA078311,,,,UPSHER SMITH LABS,ORAL,"CAPSULE, EXTENDED RELEASE",
ANDA078604,ESCITALOPRAM OXALATE,ESCITALOPRAM,ESCITALOPRAM OXALATE,INVAGEN PHARMS,ORAL,TABLET,
ANDA078907,,,,SPECGX LLC,TRANSMUCOSAL,TROCHE/LOZENGE,
ANDA079227,ALCLOMETASONE DIPROPIONATE,ALCLOMETASONE DIPROPIONATE,ALCLOMETASONE DIPROPIONATE,GLENMARK PHARMS LTD,TOPICAL,OINTMENT,
ANDA080562,,,,FERRANTE,ORAL,TABLET,
ANDA090514,,,,PHARMOBEDIENT,ORAL,TABLET,
ANDA090849,,,,SANDOZ,INTRAVENOUS,INJECTABLE,
ANDA089699,,,,MIKART,ORAL,TABLET,
ANDA090191,CETIRIZINE HYDROCHLORIDE,CETIRIZINE HYDROCHLORIDE,CETIRIZINE HYDROCHLORIDE,BAJAJ,ORAL,SOLUTION,
ANDA085128,ADIPEX-P,PHENTERMINE HYDROCHLORIDE,PHENTERMINE HYDROCHLORIDE,TEVA,ORAL,TABLET,
ANDA085599,,,,WATSON LABS,INJECTION,INJECTABLE,
ANDA085986,,,,WATSON LABS,ORAL,TABLET,
ANDA086551,,,,SHIRE RICHWOOD,ORAL,TABLET,
ANDA087186,,,,IVAX PHARMS,SUBLINGUAL,TABLET,
ANDA087603,,,,STRIDES PHARMA,ORAL,TABLET,
ANDA087967,,,,EPIC PHARMA LLC,INJECTION,INJECTABLE,
NDA018519,,,,BAXTER HLTHCARE,IRRIGATION,SOLUTION,
NDA018563,DEXTROSE,DEXTROSE,DEXTROSE MONOHYDRATE,OTSUKA ICU MEDCL,INJECTION,INJECTABLE,
ANDA088924,,,,TEVA,ORAL,TABLET,
ANDA089310,,,,QUAD PHARMS,Injection,Injectable,
ANDA203661,CEFAZOLIN,CEFAZOLIN,CEFAZOLIN SODIUM,QILU ANTIBIOTICS,INJECTION,INJECTABLE,
NDA204026,POMALYST,POMALIDOMIDE,POMALIDOMIDE,BRISTOL,ORAL,CAPSULE,
NDA204417,ELEPSIA XR 1000 MG,LEVETIRACETAM,LEVETIRACETAM,TRIPOINT,ORAL,"TABLET, EXTENDED RELEASE",
ANDA091189,METHAMPHETAMINE HYDROCHLORIDE,METHAMPHETAMINE HYDROCHLORIDE,METHAMPHETAMINE HYDROCHLORIDE,DR REDDYS LABS SA,ORAL,TABLET,
ANDA091519,,,,WATSON LABS TEVA,ORAL,TABLET,
BLA125526,NUCALA,MEPOLIZUMAB,MEPOLIZUMAB,GLAXOSMITHKLINE LLC,SUBCUTANEOUS LYOPHILIZED POWER,INJECTABLE,
ANDA200887,,,,TEVA PHARMS USA,ORAL,TABLET,
ANDA201687,TRETINOIN,TRETINOIN,TRETINOIN,ENDO OPERATIONS,ORAL,CAPSULE,
ANDA202200,,,,ORBION PHARMS,ORAL,TABLET,
ANDA202547,ARIPIPRAZOLE,ARIPIPRAZOLE,ARIPIPRAZOLE,ORBION PHARMS,ORAL,"TABLET, ORALLY DISINTEGRATING",
ANDA202894,CLOTRIMAZOLE AND BETAMETHASONE DIPROPIONATE,CLOTRIMAZOLE AND BETAMETHASONE DIPROPIONATE,BETAMETHASONE DIPROPIONATE,GLENMARK SPECLT,TOPICAL,CREAM,
ANDA203277,LAMIVUDINE,LAMIVUDINE,LAMIVUDINE,HETERO LABS LTD V,ORAL,TABLET,
ANDA208308,LACOSAMIDE,LACOSAMIDE,LACOSAMIDE,INDOCO,ORAL,TABLET,
NDA208684,EMFLAZA,DEFLAZACORT,DEFLAZACORT,PTC THERAP,ORAL,TABLET,
ANDA209037,HYDROCODONE BITARTRATE AND ACETAMINOPHEN,HYDROCODONE BITARTRATE AND ACETAMINOPHEN,ACETAMINOPHEN,ABHAI LLC,ORAL,TABLET,
ANDA205605,,,,FRESENIUS KABI USA,INJECTION,INJECTABLE,
ANDA204782,,,,PERRIGO R AND D,ORAL,"TABLET, CHEWABLE",
ANDA205160,,,,NORVIUM BIOSCIENCE,"INTRAVENOUS, SUBCUTANEOUS",INJECTABLE,
ANDA206378,CLOBETASOL PROPIONATE,CLOBETASOL PROPIONATE,CLOBETASOL PROPIONATE,ZYDUS PHARMS,TOPICAL,SPRAY,
ANDA205977,PITAVASTATIN CALCIUM,PITAVASTATIN CALCIUM,PITAVASTATIN CALCIUM,HETERO LABS LTD V,ORAL,TABLET,
ANDA206785,,,,RISING,TOPICAL,OINTMENT,
NDA019726,ZOLADEX,GOSERELIN,GOSERELIN ACETATE,TERSERA,IMPLANTATION,IMPLANT,
NDA019781,PROMETRIUM,PROGESTERONE,PROGESTERONE,ACERTIS PHARMS,ORAL,CAPSULE,
ANDA207948,,,,PAR PHARM INC,ORAL,TABLET,
ANDA212936,,,,MYLAN,ORAL,TABLET,
ANDA213328,TEMOZOLOMIDE,TEMOZOLOMIDE,TEMOZOLOMIDE,NIVAGEN PHARMS INC,ORAL,CAPSULE,
ANDA209406,BRINZOLAMIDE,BRINZOLAMIDE,BRINZOLAMIDE,WATSON LABS INC,OPHTHALMIC,SUSPENSION/DROPS,
ANDA209748,,,,PRINSTON INC,ORAL,"TABLET, EXTENDED RELEASE",
ANDA210082,,,,DR REDDYS LABS INC,ORAL,TABLET,
ANDA210436,DIMETHYL FUMARATE,DIMETHYL FUMARATE,DIMETHYL FUMARATE,SOLA PHARMS,ORAL,"CAPSULE, DELAYED RELEASE",
ANDA212202,ACYCLOVIR,ACYCLOVIR,ACYCLOVIR,PRINSTON INC,TOPICAL,OINTMENT,
ANDA211827,,,,TEVA PHARMS USA,TOPICAL,SOLUTION,
ANDA212564,,,,YABAO PHARM,ORAL,CAPSULE,
NDA219104,PREVYMIS,LETERMOVIR,LETERMOVIR,MSD,ORAL,PELLETS,
BLA761151,BIMZELX,BIMEKIZUMAB,BIMEKIZUMAB,UCB INC,INJECTION,INJECTABLE,
NDA020980,LAMISIL AT CREAM,TERBINAFINE HYDROCHLORIDE,TERBINAFINE HYDROCHLORIDE,KARO HLTHCARE,TOPICAL,CREAM,
ANDA214181,NYSTATIN AND TRIAMCINOLONE ACETONIDE,NYSTATIN AND TRIAMCINOLONE ACETONIDE,NYSTATIN,MACLEODS PHARMS LTD,TOPICAL,CREAM,
ANDA214585,MESALAMINE,MESALAMINE,MESALAMINE,SUN PHARM,ORAL,"CAPSULE, EXTENDED RELEASE",
ANDA215016,,,,TORRENT,ORAL,SOLUTION,
ANDA215472,,,,ONESOURCE SPECIALTY,ORAL,CAPSULE,
NDA020597,LATANOPROST,LATANOPROST,LATANOPROST,UPJOHN,OPHTHALMIC,SOLUTION/DROPS,
NDA020626,SUMATRIPTAN,SUMATRIPTAN,SUMATRIPTAN,GLAXOSMITHKLINE,NASAL,SPRAY,
NDA020659,,,,ABBVIE,ORAL,SOLUTION,
ANDA218380,ARFORMOTEROL TARTRATE INHALATION SOLUTION,ARFORMOTEROL TARTRATE,ARFORMOTEROL TARTRATE,AUCTA,INHALATION,SOLUTION,
ANDA217340,GUAIFENESIN AND DEXTROMETHORPHAN HBR,GUAIFENESIN AND DEXTROMETHORPHAN HBR,DEXTROMETHORPHAN HYDROBROMIDE,DR REDDYS,ORAL,"TABLET, EXTENDED RELEASE",
ANDA217813,DEFLAZACORT ORAL SUSPENSION,DEFLAZACORT ORAL,DEFLAZACORT,TRIS PHARMA INC,ORAL,SUSPENSION,
ANDA040782,DIPYRIDAMOLE,DIPYRIDAMOLE,DIPYRIDAMOLE,IMPAX LABS,ORAL,TABLET,
NDA050495,,,,APOTHECON,INJECTION,INJECTABLE,
NDA021313,CLARINEX-D 12 HOUR,DESLORATADINE AND PSEUDOEPHEDRINE SULFATE,DESLORATADINE,ORGANON LLC,ORAL,"TABLET, EXTENDED RELEASE",
NDA005378,,,,AJENAT PHARMS,ORAL,"TABLET, EXTENDED RELEASE",
NDA010721,MECLIZINE HYDROCHLORIDE,MECLIZINE HYDROCHLORIDE,MECLIZINE HYDROCHLORIDE,CASPER PHARMA LLC,ORAL,TABLET,
NDA022417,NORVIR,RITONAVIR,RITONAVIR,ABBVIE,ORAL,TABLET,
ANDA040185,,,,NORVIUM BIOSCIENCE,ORAL,TABLET,
ANDA040477,,,,ABLE,ORAL,TABLET,
ANDA071601,DESIPRAMINE HYDROCHLORIDE,DESIPRAMINE HYDROCHLORIDE,DESIPRAMINE HYDROCHLORIDE,ACTAVIS TOTOWA,ORAL,TABLET,
ANDA071990,,,,HOSPIRA,INJECTION,INJECTABLE,
ANDA072419,,,,WATSON PHARMS TEVA,ORAL,TABLET,
ANDA073160,,,,PACO,ORAL,SOLUTION,
ANDA060003,,,,LILLY,ORAL,TABLET,
ANDA061810,,,,BAYER PHARMS,TOPICAL,CREAM,
ANDA062444,,,,PHARMAFAIR,TOPICAL,OINTMENT,
ANDA062818,,,,IPHARM,OPHTHALMIC,SOLUTION/DROPS,
ANDA065473,CEFDINIR,CEFDINIR,CEFDINIR,AUROBINDO PHARMA,ORAL,FOR SUSPENSION,
ANDA064087,,,,IVAX SUB TEVA PHARMS,ORAL,FOR SUSPENSION,
ANDA065204,CEFTRIAXONE SODIUM,CEFTRIAXONE SODIUM,CEFTRIAXONE SODIUM,SANDOZ INC,INJECTION,INJECTABLE,
ANDA070257,NALOXONE HYDROCHLORIDE,NALOXONE HYDROCHLORIDE,NALOXONE HYDROCHLORIDE,HOSPIRA,INJECTION,INJECTABLE,
ANDA070586,,,,HOSPIRA,INJECTION,INJECTABLE,
ANDA070906,,,,HALSEY,ORAL,TABLET,
ANDA071221,,,,DURAMED PHARMS BARR,ORAL,TABLET,
ANDA074128,,,,ACTAVIS MID ATLANTIC,TOPICAL,OINTMENT,
NDA006530,,,,NORVIUM BIOSCIENCE,VAGINAL,CREAM,
NDA016911,,,,BRISTOL MYERS SQUIBB,INTRAMUSCULAR,SOLUTION,
ANDA075704,,,,RISING,ORAL,TABLET,
ANDA075987,OXAPROZIN,OXAPROZIN,OXAPROZIN,CHARTWELL,ORAL,TABLET,
NDA016990,,,,SANOFI AVENTIS US,INHALATION,CAPSULE,
ANDA075413,,,,RISING,ORAL,TABLET,
ANDA076268,DIGOXIN,DIGOXIN,DIGOXIN,STEVENS J,ORAL,TABLET,
ANDA076537,,,,SUN PHARM INDUSTRIES,ORAL,CAPSULE,
ANDA083544,,,,MK LABS,ORAL,CAPSULE,
ANDA084148,,,,SOLA BARNES HIND,OPHTHALMIC,SOLUTION/DROPS,
ANDA084649,,,,IVAX SUB TEVA PHARMS,ORAL,TABLET,
ANDA081223,,,,MIKART,ORAL,TABLET,
ANDA076822,,,,TEVA PHARMS USA,ORAL,"TABLET, DELAYED RELEASE",
ANDA077112,,,,PLIVA HRVATSKA DOO,ORAL,TABLET,
ANDA077414,DESMOPRESSIN ACETATE,DESMOPRESSIN ACETATE,DESMOPRESSIN ACETATE,APOTEX,ORAL,TABLET,
ANDA077714,TERBINAFINE HYDROCHLORIDE,TERBINAFINE HYDROCHLORIDE,TERBINAFINE HYDROCHLORIDE,BRECKENRIDGE PHARM,ORAL,TABLET,
ANDA078009,LAMOTRIGINE,LAMOTRIGINE,LAMOTRIGINE,ZYDUS PHARMS USA INC,ORAL,"TABLET, FOR SUSPENSION",
ANDA078312,RANITIDINE,RANITIDINE,RANITIDINE HYDROCHLORIDE,AMNEAL PHARMS,ORAL,SYRUP,
ANDA078605,,,,TEVA PHARMS,ORAL,TABLET,
ANDA078908,DEXMETHYLPHENIDATE HYDROCHLORIDE,DEXMETHYLPHENIDATE HYDROCHLORIDE,DEXMETHYLPHENIDATE HYDROCHLORIDE,TEVA PHARMS USA,ORAL,"CAPSULE, EXTENDED RELEASE",
ANDA079229,ROPINIROLE,ROPINIROLE,ROPINIROLE HYDROCHLORIDE,ORBION PHARMS,ORAL,TABLET,
ANDA080563,,,,FERRANTE,ORAL,TABLET,
ANDA090515,LEVETIRACETAM,LEVETIRACETAM,LEVETIRACETAM,HETERO LABS LTD III,ORAL,TABLET,
ANDA090850,MIDAZOLAM,MIDAZOLAM,MIDAZOLAM HYDROCHLORIDE,GLAND PHARMA LTD,INJECTION,INJECTABLE,
ANDA089703,,,,HOSPIRA,INJECTION,INJECTABLE,
ANDA090193,METHYLERGONOVINE MALEATE,METHYLERGONOVINE MALEATE,METHYLERGONOVINE MALEATE,AM REGENT,INJECTION,INJECTABLE,
ANDA085130,,,,PERRIGO NEW YORK,TOPICAL,SOLUTION,
ANDA085600,,,,WATSON LABS,INJECTION,INJECTABLE,
ANDA085992,,,,WARNER CHILCOTT,ORAL,TABLET,
ANDA086552,,,,SHIRE RICHWOOD,ORAL,TABLET,
NDA018369,,,,WATSON LABS,ORAL,TABLET,
NDA018420,,,,WARNER CHILCOTT,INJECTION,INJECTABLE,
NDA018484,PROSTIN VR PEDIATRIC,ALPROSTADIL,ALPROSTADIL,PFIZER,INJECTION,INJECTABLE,
ANDA088296,,,,WATSON LABS,ORAL,TABLET,
ANDA088626,,,,WOCKHARDT,ORAL,SYRUP,
ANDA088928,,,,ACTAVIS ELIZABETH,ORAL,TABLET,
ANDA089311,,,,QUAD PHARMS,Injection,Injectable,
ANDA203662,NOREPINEPHRINE BITARTRATE,NOREPINEPHRINE BITARTRATE,NOREPINEPHRINE BITARTRATE,HIKMA,INJECTION,INJECTABLE,
ANDA204028,DESVENLAFAXINE,DESVENLAFAXINE,DESVENLAFAXINE SUCCINATE,RUBICON RESEARCH,ORAL,"TABLET, EXTENDED RELEASE",
ANDA204418,FOLIC ACID,FOLIC ACID,FOLIC ACID,NUVO PHARMS INC,ORAL,TABLET,
ANDA091190,,,,ENDO OPERATIONS,ORAL,"TABLET, EXTENDED RELEASE",
ANDA091520,,,,ENDO OPERATIONS,ORAL,"TABLET, EXTENDED RELEASE",
BLA125527,,,,BRISTOL MYERS SQUIBB,INJECTION,INJECTABLE,
ANDA200888,IBUPROFEN PM,"IBUPROFEN, DIPHENHYDRAMINE HCL",DIPHENHYDRAMINE HYDROCHLORIDE,ONESOURCE SPECIALTY,ORAL,CAPSULE,
NDA201688,TOBI PODHALER,TOBRAMYCIN,TOBRAMYCIN,VIATRIS,INHALATION,POWDER,
ANDA202202,WARFARIN SODIUM,WARFARIN,WARFARIN SODIUM,AMNEAL PHARMS,ORAL,TABLET,
ANDA202548,,,,EPIC PHARMA LLC,INTRAVENOUS,INJECTABLE,
NDA202895,PREZISTA,DARUNAVIR,DARUNAVIR ETHANOLATE,JANSSEN PRODS,ORAL,SUSPENSION,
ANDA203278,,,,AMNEAL PHARMS,ORAL,CAPSULE,
NDA208313,,,,SUN PHARM,INTRAVENOUS,SOLUTION,
NDA208685,EMFLAZA,DEFLAZACORT,DEFLAZACORT,PTC THERAP,ORAL,SUSPENSION,
ANDA209038,COLESEVELAM HCL,COLESEVELAM HCL,COLESEVELAM HYDROCHLORIDE,ALKEM LABS LTD,ORAL,TABLET,
ANDA205606,ESOMEPRAZOLE MAGNESIUM,ESOMEPRAZOLE MAGNESIUM,ESOMEPRAZOLE MAGNESIUM TRIHYDRATE,AUROBINDO PHARMA LTD,ORAL,"CAPSULE, DELAYED REL PELLETS",
NDA019462,,,,BAUSCH,ORAL,TABLET,
ANDA205166,VALGANCICLOVIR,VALGANCICLOVIR,VALGANCICLOVIR HYDROCHLORIDE,HETERO LABS LTD V,ORAL,TABLET,
NDA019643,,,,MERCK,ORAL,TABLET,
NDA019599,,,,LEGACY PHARMA,TOPICAL,CREAM,
NDA019683,,,,HOSPIRA INC,INJECTION,INJECTABLE,
ANDA207157,,,,LANNETT CO INC,ORAL,"CAPSULE, DELAYED REL PELLETS",
NDA207534,,,,ADAMIS PHARMS CORP,"INTRAMUSCULAR, SUBCUTANEOUS",SOLUTION,
NDA207949,,,,ACCORD HLTHCARE,INTRAVENOUS,SOLUTION,
NDA212937,PEDMARK,SODIUM THIOSULFATE,SODIUM THIOSULFATE,FENNEC PHARMS INC,INTRAVENOUS,SOLUTION,
ANDA213329,PHYTONADIONE,PHYTONADIONE,PHYTONADIONE,SCIEGEN PHARMS INC,ORAL,TABLET,
ANDA213705,,,,ACCORD HLTHCARE,INJECTION,INJECTABLE,
ANDA209407,ZUMANDIMINE,DROSPIRENONE AND ETHINYL ESTRADIOL,,AUROBINDO PHARMA LTD,ORAL-28,TABLET,
ANDA209750,,,,APOTEX,ORAL,SUSPENSION,
ANDA210083,GLYCOPYRROLATE,GLYCOPYRROLATE,GLYCOPYRROLATE,SAGENT,INJECTION,INJECTABLE,
ANDA210437,ROCURONIUM,ROCURONIUM,ROCURONIUM BROMIDE,PIRAMAL CRITICAL,INJECTION,INJECTABLE,
ANDA210784,AMBRISENTAN,AMBRISENTAN,AMBRISENTAN,SUN PHARM,ORAL,TABLET,
ANDA211129,,,,GLENMARK PHARMS LTD,TOPICAL,CREAM,
ANDA212204,BORTEZOMIB,BORTEZOMIB,BORTEZOMIB,HETERO LABS LTD VI,"INTRAVENOUS, SUBCUTANEOUS",INJECTABLE,
ANDA211829,RANOLAZINE,RANOLAZINE,RANOLAZINE,SCIEGEN PHARMS INC,ORAL,"TABLET, EXTENDED RELEASE",
ANDA212566,,,,MYLAN LABS LTD,OPHTHALMIC,EMULSION,
ANDA219106,VARENICLINE TARTRATE,VARENICLINE TARTRATE,VARENICLINE TARTRATE,INDOCO,ORAL,TABLET,
BLA761154,ADALIMUMAB,ADALIMUMAB-FKJP,,MYLAN PHARMS INC,INJECTION,INJECTABLE,
NDA009796,,,,PFIPHARMECS,VAGINAL,TABLET,
ANDA214182,EVEROLIMUS,EVEROLIMUS,EVEROLIMUS,BIOCON PHARMA,ORAL,TABLET,
NDA020500,MEPRON,ATOVAQUONE,ATOVAQUONE,GLAXOSMITHKLINE LLC,ORAL,SUSPENSION,
ANDA215017,,,,MSN,ORAL,TABLET,
NDA020569,,,,BAUSCH AND LOMB,IMPLANTATION,IMPLANT,
ANDA215913,,,,ZENARA,ORAL,TABLET,
ANDA216383,SILDENAFIL CITRATE,SILDENAFIL CITRATE,SILDENAFIL CITRATE,NOVITIUM PHARMA,ORAL,TABLET,
ANDA216848,ATORVASTATIN CALCIUM,ATORVASTATIN CALCIUM,ATORVASTATIN CALCIUM TRIHYDRATE,LEPU PHARM,ORAL,TABLET,
ANDA218383,,,,LUPIN LTD,ORAL,TABLET,
ANDA217341,,,,AM REGENT,N/A,LIQUID,
ANDA217821,BUPIVACAINE HYDROCHLORIDE,BUPIVACAINE HYDROCHLORIDE,BUPIVACAINE HYDROCHLORIDE,ASPIRO,INJECTION,INJECTABLE,
ANDA040784,ACETAZOLAMIDE,ACETAZOLAMIDE,ACETAZOLAMIDE SODIUM,XGEN PHARMS,INJECTION,INJECTABLE,
NDA050497,,,,GLAXOSMITHKLINE,INJECTION,INJECTABLE,
NDA010104,,,,BAUSCH,ORAL,TABLET,
NDA010441,,,,EVERYLIFE,ORAL,TABLET,
NDA022027,,,,SCHERING,ORAL,SUSPENSION,
NDA022418,,,,ATHENA,ORAL,TABLET,
ANDA040186,,,,WATSON LABS,ORAL,TABLET,
ANDA040478,,,,ABLE,ORAL,TABLET,
ANDA071602,DESIPRAMINE HYDROCHLORIDE,DESIPRAMINE HYDROCHLORIDE,DESIPRAMINE HYDROCHLORIDE,ACTAVIS TOTOWA,ORAL,TABLET,
ANDA071994,,,,IVAX SUB TEVA PHARMS,ORAL,CAPSULE,
ANDA072420,,,,WATSON PHARMS TEVA,ORAL,TABLET,
ANDA073165,,,,WATSON LABS,ORAL,SYRUP,
ANDA060004,,,,LILLY,ORAL,FOR SOLUTION,
ANDA061815,,,,PFIZER,ORAL,FOR SOLUTION,
ANDA062446,,,,PHARMADERM,OPHTHALMIC,OINTMENT,
ANDA062819,,,,SOLOPAK,INJECTION,INJECTABLE,
ANDA065475,,,,BEDFORD,INJECTION,INJECTABLE,
ANDA064093,,,,SCIEGEN PHARMS INC,OPHTHALMIC,OINTMENT,
ANDA065205,,,,TEVA,ORAL,"TABLET, CHEWABLE",
ANDA070259,,,,NATCO,ORAL,TABLET,
ANDA070587,,,,HOSPIRA,INJECTION,INJECTABLE,
ANDA070908,,,,SUN PHARM INDUSTRIES,ORAL,TABLET,
ANDA071222,,,,QUAD PHARMS,Injection,Injectable,
NDA016766,,,,PARKE DAVIS,ORAL-28,TABLET,
NDA016818,,,,ROERIG,RECTAL,SUPPOSITORY,
ANDA074789,,,,CONTRACT PHARMACAL,ORAL,TABLET,
ANDA075705,,,,HOSPIRA,INJECTION,INJECTABLE,
ANDA075988,PREDNISOLONE SODIUM PHOSPHATE,PREDNISOLONE SODIUM PHOSPHATE,PREDNISOLONE SODIUM PHOSPHATE,CHARTWELL RX,ORAL,SOLUTION,
ANDA075107,,,,ANI PHARMS,ORAL,"TABLET, EXTENDED RELEASE",
ANDA075414,,,,MARTEC USA LLC,ORAL,"TABLET, EXTENDED RELEASE",
ANDA076269,,,,TEVA,ORAL,"TABLET, EXTENDED RELEASE",
ANDA076538,,,,MYLAN,ORAL,"TABLET, EXTENDED RELEASE",
ANDA083546,,,,WATSON LABS,INJECTION,INJECTABLE,
ANDA084149,,,,SOLA BARNES HIND,OPHTHALMIC,SOLUTION/DROPS,
ANDA084652,,,,BANNER PHARMACAPS,ORAL,CAPSULE,
ANDA081224,,,,ELKINS SINN,INJECTION,INJECTABLE,
ANDA076823,,,,ABLE,ORAL,CAPSULE,
ANDA077113,,,,NORVIUM BIOSCIENCE,ORAL,"TABLET, EXTENDED RELEASE",
ANDA077415,BUPROPION HYDROCHLORIDE,BUPROPION HYDROCHLORIDE,BUPROPION HYDROCHLORIDE,IMPAX LABS,ORAL,"TABLET, EXTENDED RELEASE",
ANDA077715,BUPROPION HYDROCHLORIDE XL,BUPROPION HYDROCHLORIDE,BUPROPION HYDROCHLORIDE,ACTAVIS LABS FL INC,ORAL,"TABLET, EXTENDED RELEASE",
ANDA078010,FUROSEMIDE,FUROSEMIDE,FUROSEMIDE,IPCA LABS LTD,ORAL,TABLET,
ANDA078313,,,,WATSON LABS,ORAL,TABLET,
ANDA078606,,,,FRESENIUS KABI ONCOL,INJECTION,INJECTABLE,
ANDA078909,,,,APOZEAL PHARMS,ORAL,SOLUTION,
ANDA079230,,,,SANDOZ,ORAL,TABLET,
ANDA080564,,,,SANOFI AVENTIS US,INJECTION,INJECTABLE,
ANDA090516,,,,AUROBINDO PHARMA USA,ORAL,TABLET,
ANDA090853,,,,SUN PHARM,INTRAVENOUS,INJECTABLE,
ANDA089704,,,,NASKA,TOPICAL,OINTMENT,
ANDA090194,,,,HOSPIRA,INJECTION,SOLUTION,
ANDA085131,,,,ELKINS SINN,INJECTION,INJECTABLE,
NDA003402,,,,PARKE DAVIS,INJECTION,INJECTABLE,
ANDA085994,,,,PARKE DAVIS,INHALATION,SOLUTION,
NDA018312,,,,ORGANON USA INC,ORAL,CAPSULE,
ANDA087189,,,,BARR,ORAL,TABLET,
ANDA087604,,,,STRIDES PHARMA,ORAL,TABLET,
ANDA087968,,,,EPIC PHARMA LLC,INJECTION,INJECTABLE,
ANDA088297,,,,BARR,ORAL,TABLET,
ANDA088629,,,,ANI PHARMS,ORAL,TABLET,
ANDA088929,,,,ABIC,INJECTION,INJECTABLE,
ANDA089312,,,,QUAD PHARMS,Injection,Injectable,
ANDA203663,,,,HIKMA,ORAL,CAPSULE,
ANDA204029,CLOFARABINE,CLOFARABINE,CLOFARABINE,ABON PHARMS LLC,INTRAVENOUS,SOLUTION,
NDA019414,CARDIOGEN-82,RUBIDIUM CHLORIDE RB-82,RUBIDIUM CHLORIDE RB-82,BRACCO,INJECTION,INJECTABLE,
ANDA091191,LETROZOLE,LETROZOLE,LETROZOLE,RYAN LABS,ORAL,TABLET,
ANDA091522,GLYCATE,GLYCOPYRROLATE,GLYCOPYRROLATE,LGM PHARMA,ORAL,TABLET,
BLA125544,INFLECTRA,INFLIXIMAB-DYYB,INFLIXIMAB,CELLTRION INC,INJECTION,INJECTABLE,
ANDA200889,,,,SANDOZ INC,ORAL,TABLET,
ANDA201689,,,,EXTROVIS,INJECTION,INJECTABLE,
ANDA202203,,,,SUN PHARM INDS LTD,INJECTION,INJECTABLE,
ANDA202551,SOLIFENACIN SUCCINATE,SOLIFENACIN SUCCINATE,SOLIFENACIN SUCCINATE,WATSON LABS INC,ORAL,TABLET,
ANDA202897,ACITRETIN,ACITRETIN,ACITRETIN,TEVA PHARMS USA,ORAL,CAPSULE,
ANDA203280,MILRINONE LACTATE,MILRINONE LACTATE,MILRINONE LACTATE,HOSPIRA,INJECTION,INJECTABLE,
ANDA208314,LORATADINE,LORATADINE,LORATADINE,AUROBINDO PHARMA LTD,ORAL,TABLET,
NDA208686,ENALAPRIL MALEATE,ENALAPRIL MALEATE,ENALAPRIL MALEATE,AZURITY,ORAL,SOLUTION,
ANDA209040,TAFLUPROST,TAFLUPROST,TAFLUPROST,SANDOZ,OPHTHALMIC,SOLUTION/DROPS,
NDA019537,CIPRO,CIPROFLOXACIN HYDROCHLORIDE,CIPROFLOXACIN HYDROCHLORIDE,BAYER HLTHCARE,ORAL,TABLET,
ANDA204785,,,,KEY THERAP,ORAL,CAPSULE,
ANDA205171,ALMOTRIPTAN MALATE,ALMOTRIPTAN,ALMOTRIPTAN MALATE,MYLAN,ORAL,TABLET,
ANDA206379,TRIAMCINOLONE ACETONIDE,TRIAMCINOLONE ACETONIDE,TRIAMCINOLONE ACETONIDE,GLENMARK PHARMS LTD,TOPICAL,OINTMENT,
ANDA205980,SAXAGLIPTIN,SAXAGLIPTIN,SAXAGLIPTIN HYDROCHLORIDE DIHYDRATE,MYLAN,ORAL,TABLET,
ANDA206786,,,,RISING,TOPICAL,SPRAY,
ANDA207160,LEVETIRACETAM,LEVETIRACETAM IN SODIUM CHLORIDE,LEVETIRACETAM,EUGIA PHARMA,INTRAVENOUS,INJECTABLE,
ANDA207535,NEXESTA FE,NORETHINDRONE AND ETHINYL ESTRADIOL AND FERROUS FUMARATE,,AUROBINDO PHARMA,ORAL,TABLET,
ANDA207952,,,,TEVA PHARMS USA,ORAL,TABLET,
ANDA212938,AMINOCAPROIC ACID,AMINOCAPROIC ACID,AMINOCAPROIC ACID,MSN,ORAL,TABLET,
NDA213330,LABETALOL HYDROCHLORIDE,LABETALOL HYDROCHLORIDE,LABETALOL HYDROCHLORIDE,HIKMA,INTRAVENOUS,SOLUTION,
ANDA213706,,,,TORRENT,ORAL,TABLET,
ANDA209408,CEFEPIME,CEFEPIME,CEFEPIME HYDROCHLORIDE,SAMSON MEDCL,INTRAVENOUS,POWDER,
ANDA209752,OLOPATADINE HYDROCHLORIDE OPHTHALMIC SOLUTION,OLOPATADINE HYDROCHLORIDE OPHTHALMIC,OLOPATADINE HYDROCHLORIDE,GLAND,OPHTHALMIC,SOLUTION/DROPS,
ANDA210086,AMITRIPTYLINE HYDROCHLORIDE,AMITRIPTYLINE HYDROCHLORIDE,AMITRIPTYLINE HYDROCHLORIDE,ZYDUS PHARMS,ORAL,TABLET,
ANDA210440,DIMETHYL FUMARATE,DIMETHYL FUMARATE,DIMETHYL FUMARATE,ALKEM LABS LTD,ORAL,"CAPSULE, DELAYED RELEASE",
ANDA211494,CLOBETASOL PROPIONATE,CLOBETASOL PROPIONATE,CLOBETASOL PROPIONATE,SAPTALIS PHARMS,TOPICAL,SOLUTION,
ANDA210785,PREDNISONE,PREDNISONE,PREDNISONE,STRIDES PHARMA,ORAL,TABLET,
ANDA211132,LEUCOVORIN CALCIUM,LEUCOVORIN CALCIUM,LEUCOVORIN CALCIUM,NOVAST LABS,ORAL,TABLET,
ANDA211830,,,,COREPHARMA,ORAL,TABLET,
ANDA212567,TRIAMCINOLONE ACETONIDE,TRIAMCINOLONE ACETONIDE,TRIAMCINOLONE ACETONIDE,MYLAN LABS LTD,INJECTION,INJECTABLE,
ANDA219111,MIGLUSTAT,MIGLUSTAT,MIGLUSTAT,NAVINTA LLC,ORAL,CAPSULE,
BLA761156,SOGROYA,SOMAPACITAN-BECO,SOMAPACITAN,NOVO NORDISK INC,SUBCUTANEOUS,SOLUTION,
NDA020981,HYCAMTIN,TOPOTECAN,TOPOTECAN HYDROCHLORIDE,SANDOZ,ORAL,CAPSULE,
NDA020468,NASACORT ALLERGY 24HR,TRIAMCINOLONE ACETONIDE,TRIAMCINOLONE ACETONIDE,CHATTEM SANOFI,NASAL,"SPRAY, METERED",
ANDA214588,BEPOTASTINE BESILATE OPHTHALMIC SOLUTION 1.5%,BEPOTASTINE BESILATE OPHTHALMIC SOLUTION 1.5%,BEPOTASTINE BESILATE,ALEMBIC,OPHTHALMIC,SOLUTION/DROPS,
NDA020530,,,,IOMED,IONTOPHORESIS,SOLUTION,
ANDA215476,,,,LEADING,ORAL,TABLET,
ANDA215917,,,,DR REDDYS,INTRAVENOUS,SOLUTION,
ANDA216384,LEVOCARNITINE,LEVOCARNITINE,LEVOCARNITINE,NOVITIUM PHARMA,ORAL,TABLET,
ANDA218384,SCOPOLAMINE,SCOPOLAMINE,SCOPOLAMINE,AMNEALS PHARMS,TRANSDERMAL,SYSTEM,
ANDA217343,TIMOLOL MALEATE,TIMOLOL MALEATE OPHTHALMIC,TIMOLOL MALEATE,MICRO LABS,OPHTHALMIC,SOLUTION/DROPS,
ANDA040785,,,,WOCKHARDT BIO AG,INJECTION,INJECTABLE,
NDA050504,,,,LILLY,INJECTION,INJECTABLE,
NDA021314,IDKIT HP ONE,CITRIC ACID ANHYDROUS AND 13C UREA,CITRIC ACID MONOHYDRATE,MERIDIAN BIOSCIENCE,ORAL,"FOR SOLUTION, TABLET, FOR SOLUTION",
BLA021663,MENOPUR,MENOTROPINS,,FERRING,SUBCUTANEOUS,INJECTABLE,
NDA022028,,,,SANDOZ,INTRAVENOUS,SOLUTION,
NDA022420,,,,STRIDES ARCOLAB LTD,ORAL,TABLET,
ANDA040187,,,,PHARM ASSOC,ORAL,CONCENTRATE,
ANDA040479,,,,WATSON LABS INC,RECTAL,SUPPOSITORY,
ANDA071603,,,,WATSON LABS,ORAL,CAPSULE,
NDA016320,ETHAMBUTOL HYDROCHLORIDE,ETHAMBUTOL HYDROCHLORIDE,ETHAMBUTOL HYDROCHLORIDE,KANCHAN HLTHCARE,ORAL,TABLET,
ANDA072421,,,,WATSON PHARMS TEVA,ORAL,TABLET,
NDA016705,,,,GD SEARLE LLC,ORAL-28,TABLET,
ANDA060006,,,,WYETH AYERST,ORAL,TABLET,
ANDA061816,,,,SCHERING,OTIC,SUSPENSION/DROPS,
ANDA062447,ERYTHROMYCIN,ERYTHROMYCIN,ERYTHROMYCIN,PADAGIS US,OPHTHALMIC,OINTMENT,
ANDA062821,,,,TEVA,ORAL,CAPSULE,
ANDA065477,,,,ZYDUS PHARMS USA INC,ORAL,TABLET,
ANDA064096,,,,EPIC PHARMA LLC,OPHTHALMIC,SOLUTION/DROPS,
ANDA065206,,,,HIKMA,INJECTION,INJECTABLE,
ANDA070260,,,,WATSON LABS,ORAL,TABLET,
ANDA070589,AMANTADINE HYDROCHLORIDE,AMANTADINE HYDROCHLORIDE,AMANTADINE HYDROCHLORIDE,UPSHER SMITH LABS,ORAL,CAPSULE,
ANDA070910,,,,ACTAVIS ELIZABETH,ORAL,TABLET,
ANDA071223,,,,QUAD PHARMS,Injection,Injectable,
ANDA074129,,,,TEVA,ORAL,TABLET,
ANDA074466,,,,RENOVA PHARMS,OPHTHALMIC,SOLUTION/DROPS,
ANDA074790,,,,CHARTWELL RX,ORAL,TABLET,
ANDA075706,CLARITIN-D 24 HOUR,LORATADINE PSEUDOEPHEDRINE SULFATE,LORATADINE,P AND L,ORAL,"TABLET, EXTENDED RELEASE",
ANDA075989,ALLERGY CONGESTION RELIEF,"LORATADINE, PSEUDOEPHEDRINE SULFATE",LORATADINE,PERRIGO PHARMA INTL,ORAL,"TABLET, EXTENDED RELEASE",
ANDA075108,,,,NORVIUM BIOSCIENCE,ORAL,"TABLET, EXTENDED RELEASE",
ANDA075416,NAPROXEN SODIUM,NAPROXEN SODIUM,NAPROXEN SODIUM,ACTAVIS LABS FL INC,ORAL,"TABLET, EXTENDED RELEASE",
ANDA076270,,,,ROXANE,ORAL,TABLET,
ANDA076539,VALPROATE SODIUM,VALPROATE SODIUM,VALPROATE SODIUM,FRESENIUS KABI USA,INJECTION,INJECTABLE,
ANDA083547,,,,DR REDDYS,INJECTION,INJECTABLE,
ANDA084150,,,,SOLA BARNES HIND,OPHTHALMIC,SOLUTION/DROPS,
ANDA084655,,,,SCHWARZ PHARMA,ORAL,TABLET,
ANDA081225,,,,TEVA PARENTERAL,INJECTION,INJECTABLE,
ANDA076824,,,,DR REDDYS,ORAL,"TABLET, DELAYED RELEASE",
ANDA077114,,,,L PERRIGO CO,ORAL,TABLET,
ANDA077416,,,,RANBAXY,ORAL,SOLUTION,
ANDA077716,,,,WOCKHARDT BIO AG,INJECTION,INJECTABLE,
ANDA078011,VINORELBINE,VINORELBINE,VINORELBINE TARTRATE,ACTAVIS TOTOWA,INJECTION,INJECTABLE,
ANDA078314,NAPROXEN SODIUM,NAPROXEN SODIUM,NAPROXEN SODIUM,GLENMARK PHARMS LTD,ORAL,TABLET,
ANDA078607,,,,TEVA PHARMS USA,ORAL,TABLET,
ANDA078912,RUGBY MUCUS RELIEF ER,GUAIFENESIN,GUAIFENESIN,PERRIGO R AND D,ORAL,"TABLET, EXTENDED RELEASE",
ANDA079232,,,,L PERRIGO CO,ORAL,FOR SOLUTION,
ANDA080568,,,,FERRANTE,ORAL,TABLET,
ANDA090517,VALPROIC ACID,VALPROIC ACID,VALPROIC ACID,QUAGEN,ORAL,SYRUP,
ANDA090854,,,,TEVA PHARMS USA,INJECTION,INJECTABLE,
ANDA089705,,,,NASKA,TOPICAL,LOTION,
ANDA090195,GLYCOPYRROLATE,GLYCOPYRROLATE,GLYCOPYRROLATE,VELZEN PHARMA PVT,ORAL,TABLET,
NDA018179,,,,ROCHE,ORAL,"CAPSULE, EXTENDED RELEASE",
NDA007959,,,,PAI HOLDINGS PHARM,INJECTION,INJECTABLE,
NDA018267,FUROSEMIDE,FUROSEMIDE,FUROSEMIDE,HIKMA,INJECTION,INJECTABLE,
ANDA086553,,,,SHIRE RICHWOOD,ORAL,TABLET,
ANDA087190,,,,SANDOZ,ORAL,CAPSULE,
ANDA087608,,,,SOLVAY,ORAL,CAPSULE,
ANDA087969,,,,EPIC PHARMA LLC,INJECTION,INJECTABLE,
ANDA088298,,,,BARR,ORAL,TABLET,
ANDA088630,,,,TEVA,ORAL,TABLET,
ANDA088932,,,,IVAX PHARMS,ORAL,TABLET,
ANDA089313,,,,QUAD PHARMS,Injection,Injectable,
NDA008816,,,,EPIC PHARMA LLC,TOPICAL,JELLY,
NDA019358,,,,ROCHE,ORAL,TABLET,
ANDA204421,,,,AUROBINDO PHARMA LTD,ORAL,"TABLET, EXTENDED RELEASE",
ANDA091193,,,,AMNEAL,INTRATHECAL,INJECTABLE,
ANDA091524,,,,APOTEX,ORAL,TABLET,
BLA125545,RETACRIT,EPOETIN ALFA-EPBX,EPOETIN,HOSPIRA INC,INJECTION,INJECTABLE,
NDA200890,PILOCARPINE HYDROCHLORIDE,PILOCARPINE HYDROCHLORIDE,PILOCARPINE HYDROCHLORIDE,SANDOZ,OPHTHALMIC,SOLUTION,
ANDA201691,HYDROXYCHLOROQUINE SULFATE,HYDROXYCHLOROQUINE SULFATE,HYDROXYCHLOROQUINE SULFATE,ALKALOIDA ZRT,ORAL,TABLET,
ANDA202204,,,,HIKMA,ORAL,CAPSULE,
ANDA202552,ACITRETIN,ACITRETIN,ACITRETIN,IMPAX LABS INC,ORAL,CAPSULE,
ANDA202900,BUMETANIDE,BUMETANIDE,BUMETANIDE,ZYDUS PHARMS,ORAL,TABLET,
ANDA203281,OLMESARTAN MEDOXOMIL,OLMESARTAN MEDOXOMIL,OLMESARTAN MEDOXOMIL,GLENMARK PHARMS LTD,ORAL,TABLET,
ANDA208315,MYCOPHENOLIC ACID,MYCOPHENOLIC ACID,MYCOPHENOLATE SODIUM,ALKEM LABS LTD,ORAL,"TABLET, DELAYED RELEASE",
ANDA208687,AZATHIOPRINE,AZATHIOPRINE,AZATHIOPRINE,ALKEM LABS LTD,ORAL,TABLET,
ANDA209041,,,,SCIECURE PHARMA INC,ORAL,"CAPSULE, DELAYED RELEASE",
ANDA205609,ETHACRYNIC ACID,ETHACRYNIC ACID,ETHACRYNIC ACID,ADAPTIS,ORAL,TABLET,
ANDA204786,,,,PAR PHARM INC,ORAL,"TABLET, ORALLY DISINTEGRATING",
NDA019500,,,,NOVARTIS,ORAL,CAPSULE,
ANDA206381,ROSUVASTATIN,ROSUVASTATIN,ROSUVASTATIN,SCIEGEN PHARMS INC,ORAL,TABLET,
ANDA205981,SAXAGLIPTIN AND METFORMIN,SAXAGLIPTIN AND METFORMIN,METFORMIN HYDROCHLORIDE,MYLAN,ORAL,"TABLET, EXTENDED RELEASE",
ANDA206787,,,,STEVENS J,ORAL,TABLET,
ANDA207163,,,,CHARTWELL RX,TOPICAL,SOLUTION,
ANDA207536,,,,STRIDES PHARMA,ORAL,CAPSULE,
NDA207953,YONDELIS,TRABECTEDIN,TRABECTEDIN,JANSSEN PRODS,INTRAVENOUS,POWDER,
ANDA212939,KETOROLAC TROMETHAMINE,KETOROLAC TROMETHAMINE,KETOROLAC TROMETHAMINE,EUGIA PHARMA,INJECTION,INJECTABLE,
NDA020392,CYSTAGON,CYSTEAMINE BITARTRATE,CYSTEAMINE BITARTRATE,MYLAN,ORAL,CAPSULE,
NDA020420,,,,GENSIA AUTOMEDICS,INJECTION,INJECTABLE,
NDA209410,,,,SUPERNUS PHARMS,ORAL,"TABLET, EXTENDED RELEASE",
ANDA209753,,,,BIONPHARMA,ORAL,TABLET,
ANDA210087,FINZALA,NORETHINDRONE ACETATE AND ETHINYL ESTRADIOL AND FERROUS FUMARATE,,TEVA PHARMS USA INC,ORAL,TABLET,
ANDA210441,HYDROXYCHLOROQUINE SULFATE,HYDROXYCHLOROQUINE SULFATE,HYDROXYCHLOROQUINE SULFATE,APPCO,ORAL,TABLET,
ANDA211496,PREDNISONE,PREDNISONE,PREDNISONE,GENEYORK PHARMS,ORAL,TABLET,
ANDA210786,,,,NOVAST LABS,ORAL,TABLET,
ANDA211134,TRIENTINE HYDROCHLORIDE,TRIENTINE HYDROCHLORIDE,TRIENTINE HYDROCHLORIDE,MSN,ORAL,CAPSULE,
ANDA212206,,,,TEVA PHARMS USA,ORAL,TABLET,
ANDA211831,,,,BELOTECA,INJECTION,INJECTABLE,
ANDA212568,PHENOXYBENZAMINE HYDROCHLORIDE,PHENOXYBENZAMINE HYDROCHLORIDE,PHENOXYBENZAMINE HYDROCHLORIDE,AMNEAL,ORAL,CAPSULE,
ANDA219116,BUMETANIDE,BUMETANIDE,BUMETANIDE,QILU PHARM HAINAN,INJECTION,INJECTABLE,
BLA761161,ELFABRIO,PEGUNIGALSIDASE ALFA,PEGUNIGALSIDASE ALFA,CHIESI FARMACEUTICI SPA,SINGLE-USE,VIAL,
NDA020983,VENTOLIN HFA,ALBUTEROL SULFATE,ALBUTEROL SULFATE,GLAXOSMITHKLINE,INHALATION,"AEROSOL, METERED",
ANDA214594,NORELGESTROMIN AND ETHINYL ESTRADIOL,NORELGESTROMIN AND ETHINYL ESTRADIOL,ETHINYL ESTRADIOL,ZYDUS PHARMS,TRANSDERMAL,"FILM, EXTENDED RELEASE",
NDA215019,DARTISLA ODT,GLYCOPYRROLATE ORALLY DISINTEGRATING TABLETS,GLYCOPYRROLATE,EDENBRIDGE PHARMS,ORAL,"TABLET, ORALLY DISINTEGRATING",
ANDA215478,QUETIAPINE,QUETIAPINE,QUETIAPINE FUMARATE,UNICHEM,ORAL,"TABLET, EXTENDED RELEASE",
ANDA216385,NITROFURANTOIN,NITROFURANTOIN,NITROFURANTOIN,NOVITIUM PHARMA,ORAL,SUSPENSION,
ANDA216855,,,,GLAND PHARMA LTD,DROPS,SOLUTION,
ANDA218385,BUPROPION HYDROCHLORIDE,BUPROPION HYDROCHLORIDE,BUPROPION HYDROCHLORIDE,GRANULES,ORAL,"TABLET, EXTENDED RELEASE",
ANDA217344,TOBRAMYCIN,TOBRAMYCIN SOLUTION,TOBRAMYCIN,MICRO LABS,INHALATION,SOLUTION,
ANDA217828,MYCOPHENOLATE MOFETIL,MYCOPHENOLATE MOFETIL,MYCOPHENOLATE MOFETIL,AUROBINDO PHARMA LTD,ORAL,CAPSULE,
ANDA040786,HYDROXYZINE HYDROCHLORIDE,HYDROXYZINE HYDROCHLORIDE,HYDROXYZINE DIHYDROCHLORIDE,KVK TECH,ORAL,TABLET,
NDA050505,,,,SCHERING,INTRATHECAL,INJECTABLE,
NDA021316,ALTOPREV,LOVASTATIN,LOVASTATIN,COVIS,ORAL,"TABLET, EXTENDED RELEASE",
NDA021664,,,,BAUSCH AND LOMB INC,OPHTHALMIC,SOLUTION/DROPS,
NDA022029,SALONPAS PAIN RELIEF,"MENTHOL, METHYL SALICYLATE",MENTHOL,HISAMITSU PHARM CO,TOPICAL,PATCH,
NDA022421,,,,BOEHRINGER INGELHEIM,ORAL,"TABLET, EXTENDED RELEASE",
ANDA040188,CARISOPRODOL,CARISOPRODOL,CARISOPRODOL,OXFORD PHARMS,ORAL,TABLET,
ANDA040480,"DEXTROAMPHETAMINE SACCHARATE, AMPHETAMINE ASPARTATE, DEXTROAMPHETAMINE SULFATE, AND AMPHETAMINE SULFATE","DEXTROAMPHETAMINE SACCHARATE, AMPHETAMINE ASPARTATE, DEXTROAMPHETAMINE SULFATE, AND AMPHETAMINE SULFATE",AMPHETAMINE ASPARTATE,SUN PHARM INDUSTRIES,ORAL,TABLET,
NDA016110,,,,APOTHECON,INJECTION,INJECTABLE,
ANDA071995,,,,TEVA PHARMS,ORAL,CAPSULE,
NDA016640,,,,BRISTOL MYERS,ORAL,POWDER,
ANDA073168,,,,CHARTWELL RX,ORAL,TABLET,
ANDA060007,,,,WYETH AYERST,ORAL,FOR SOLUTION,
ANDA061827,,,,PHARMACIA AND UPJOHN,ORAL,FOR SOLUTION,
ANDA062450,,,,HIKMA,INJECTION,INJECTABLE,
ANDA062822,,,,MONARCH PHARMS,OTIC,SUSPENSION/DROPS,
ANDA065478,,,,PAI HOLDINGS PHARM,ORAL,CAPSULE,
ANDA064097,ADRIAMYCIN,DOXORUBICIN HYDROCHLORIDE,DOXORUBICIN HYDROCHLORIDE,HIKMA,INJECTION,INJECTABLE,
ANDA065207,,,,SUN PHARM INDS LTD,ORAL,FOR SUSPENSION,
ANDA070261,,,,WATSON LABS,ORAL,TABLET,
ANDA070590,BUPIVACAINE HYDROCHLORIDE,BUPIVACAINE HYDROCHLORIDE,BUPIVACAINE HYDROCHLORIDE,HOSPIRA,INJECTION,INJECTABLE,
ANDA070911,,,,WATSON LABS,INJECTION,INJECTABLE,
ANDA071229,,,,ENDO OPERATIONS,ORAL,TABLET,
ANDA074131,PIROXICAM,PIROXICAM,PIROXICAM,TEVA,ORAL,CAPSULE,
ANDA074467,,,,SANDOZ,ORAL,TABLET,
ANDA074792,,,,NATCO PHARMA,ORAL,TABLET,
ANDA075707,,,,APOTHECON,INJECTION,INJECTABLE,
ANDA075990,,,,ACTAVIS LABS FL INC,ORAL,"TABLET, ORALLY DISINTEGRATING",
ANDA075109,GUANFACINE HYDROCHLORIDE,GUANFACINE,GUANFACINE HYDROCHLORIDE,AMNEAL PHARM,ORAL,TABLET,
ANDA075417,CLOZAPINE,CLOZAPINE,CLOZAPINE,MYLAN,ORAL,TABLET,
ANDA076225,ERRIN,NORETHINDRONE,NORETHINDRONE,DR REDDYS LABS SA,ORAL-28,TABLET,
ANDA076497,ANTI-DIARRHEAL,LOPERAMIDE HCL,LOPERAMIDE HYDROCHLORIDE,LNK,ORAL,TABLET,
ANDA083426,PROMETHAZINE HYDROCHLORIDE,PROMETHAZINE HYDROCHLORIDE,PROMETHAZINE HYDROCHLORIDE,WATSON LABS,ORAL,TABLET,
NDA018066,,,,CHATTEM,ORAL,TABLET,
NDA018117,,,,ABBVIE,INHALATION,"AEROSOL, METERED",
ANDA081051,,,,MIKART,ORAL,SOLUTION,
ANDA076778,,,,L PERRIGO CO,BUCCAL,"GUM, CHEWING",
ANDA077069,AMIODARONE HYDROCHLORIDE,AMIODARONE HYDROCHLORIDE,AMIODARONE HYDROCHLORIDE,CHARTWELL RX,ORAL,TABLET,
ANDA077363,,,,RANBAXY,ORAL,SOLUTION,
ANDA077667,MODAFINIL,MODAFINIL,MODAFINIL,APOTEX,ORAL,TABLET,
ANDA077960,VALPROIC ACID,VALPROIC ACID,VALPROIC ACID,LANNETT CO INC,ORAL,SYRUP,
ANDA078262,,,,AMNEAL,INJECTION,INJECTABLE,
ANDA078559,OFLOXACIN,OFLOXACIN,OFLOXACIN,FDC LTD,OPHTHALMIC,SOLUTION/DROPS,
ANDA078864,,,,NORVIUM BIOSCIENCE,ORAL,TABLET,
ANDA079174,IBUPROFEN,IBUPROFEN,IBUPROFEN,GRANULES INDIA,ORAL,TABLET,
ANDA080472,,,,VALEANT INTL,TOPICAL,CREAM,
ANDA090470,,,,BARR,ORAL,TABLET,
ANDA090798,OLANZAPINE,OLANZAPINE,OLANZAPINE,APOTEX INC,ORAL,TABLET,
ANDA090142,CETIRIZINE HYDROCHLORIDE,CETIRIZINE HYDROCHLORIDE,CETIRIZINE HYDROCHLORIDE,SUN PHARM,ORAL,"TABLET, CHEWABLE",
ANDA085067,,,,INWOOD LABS,ORAL,TABLET,
ANDA085524,,,,KV PHARM,ORAL,TABLET,
ANDA085930,,,,HOSPIRA,INJECTION,INJECTABLE,
ANDA086433,,,,WATSON LABS,ORAL,TABLET,
ANDA087100,,,,WATSON LABS,ORAL,TABLET,
ANDA087545,,,,SUN PHARM INDUSTRIES,SUBLINGUAL,TABLET,
ANDA087910,,,,SCHERING,ORAL,"CAPSULE, EXTENDED RELEASE",
ANDA088248,DEXAMETHASONE,DEXAMETHASONE,DEXAMETHASONE,HIKMA,ORAL,SOLUTION,
ANDA088580,,,,SMITH AND NEPHEW,INJECTION,INJECTABLE,
ANDA088877,,,,LANNETT CO INC,ORAL,TABLET,
ANDA089253,,,,SUPERPHARM,ORAL,TABLET,
ANDA089617,,,,ASTRAZENECA,INHALATION,SOLUTION,
ANDA203973,CALCITRIOL,CALCITRIOL,CALCITRIOL,ANDA REPOSITORY,ORAL,SOLUTION,
NDA204370,VRAYLAR,CARIPRAZINE,CARIPRAZINE,ABBVIE,ORAL,CAPSULE,
ANDA091144,ABACAVIR AND LAMIVUDINE,ABACAVIR AND LAMIVUDINE,ABACAVIR SULFATE,CIPLA,ORAL,TABLET,
ANDA091459,,,,ENDO OPERATIONS,ORAL,"TABLET, EXTENDED RELEASE",
BLA125294,GRANIX,TBO-FILGRASTIM,FILGRASTIM,SICOR BIOTECH,INJECTION,INJECTABLE,
NDA200793,,,,MATRIX LABS,ORAL,"TABLET, FOR SUSPENSION",
ANDA201577,BIVALIRUDIN,BIVALIRUDIN,BIVALIRUDIN,DR REDDYS,INTRAVENOUS,INJECTABLE,
ANDA202139,,,,MYLAN,ORAL,"CAPSULE, EXTENDED RELEASE",
NDA019077,,,,B BRAUN,N/A,LIQUID,
NDA019125,ANTISEPTIC SKIN CLEANSER,CHLORHEXIDINE GLUCONATE 4%,CHLORHEXIDINE GLUCONATE,XTTRIUM,TOPICAL,SOLUTION,
NDA019194,SYPRINE,TRIENTINE HYDROCHLORIDE,TRIENTINE HYDROCHLORIDE,BAUSCH,ORAL,CAPSULE,
NDA208253,DOXYCYCLINE HYCLATE,DOXYCYCLINE HYCLATE,DOXYCYCLINE HYCLATE,CHARTWELL RX,ORAL,CAPSULE,
ANDA208625,DOFETILIDE,DOFETILIDE,DOFETILIDE,BIONPHARMA,ORAL,CAPSULE,
NDA208984,SELZENTRY,MARAVIROC,,VIIV HLTHCARE,ORAL,SOLUTION,
NDA209355,BRYHALI,HALOBETASOL PROPIONATE,HALOBETASOL PROPIONATE,BAUSCH,TOPICAL,LOTION,
ANDA205544,NATEGLINIDE,NATEGLINIDE,NATEGLINIDE,RISING,ORAL,TABLET,
NDA204734,FOSRENOL,LANTHANUM CARBONATE,LANTHANUM CARBONATE,TAKEDA PHARMS USA,ORAL,POWDER,
NDA205098,VARITHENA,POLIDOCANOL,,PROVENSIS,INTRAVENOUS,SOLUTION,
NDA205919,PURIXAN,PURIXAN,MERCAPTOPURINE,NOVA LABS LTD,ORAL,SUSPENSION,
ANDA206308,,,,RHODES PHARMS,ORAL,SOLUTION,
ANDA206724,,,,NATCO,ORAL,"CAPSULE, DELAYED RELEASE",
ANDA207099,GABAPENTIN,GABAPENTIN,GABAPENTIN,RISING,ORAL,CAPSULE,
ANDA207482,DOXEPIN HYDROCHLORIDE,DOXEPIN HYDROCHLORIDE,DOXEPIN HYDROCHLORIDE,AMNEAL PHARMS CO,ORAL,CAPSULE,
ANDA207882,TELMISARTAN,TELMISARTAN,TELMISARTAN,PRINSTON INC,ORAL,TABLET,
ANDA020345,,,,ICU MEDICAL INC,INJECTION,INJECTABLE,
ANDA213261,MICAFUNGIN,MICAFUNGIN SODIUM,MICAFUNGIN,HIKMA,INTRAVENOUS,INJECTABLE,
ANDA213648,METRONIDAZOLE,METRONIDAZOLE,METRONIDAZOLE,SOLARIS PHARMA CORP,VAGINAL,GEL,
ANDA214090,NYSTATIN AND TRIAMCINOLONE ACETONIDE,NYSTATIN AND TRIAMCINOLONE ACETONIDE,NYSTATIN,ALEMBIC,TOPICAL,CREAM,
ANDA209695,FLUOXETINE,FLUOXETINE HYDROCHLORIDE,FLUOXETINE HYDROCHLORIDE,INVENTIA HLTHCARE,ORAL,TABLET,
ANDA210374,AMOXICILLIN AND CLAVULANATE POTASSIUM,AMOXICILLIN AND CLAVULANATE POTASSIUM,AMOXICILLIN,DEVA HOLDING AS,ORAL,FOR SUSPENSION,
ANDA211432,SUCCINYLCHOLINE CHLORIDE,SUCCINYLCHOLINE CHLORIDE,SUCCINYLCHOLINE CHLORIDE,AMNEAL,INJECTION,INJECTABLE,
ANDA210729,VANCOMYCIN HYDROCHLORIDE,VANCOMYCIN HYDROCHLORIDE,VANCOMYCIN HYDROCHLORIDE,ORIENT PHARMA CO LTD,ORAL,CAPSULE,
ANDA211078,PHENYLEPHRINE HYDROCHLORIDE,PHENYLEPHRINE HYDROCHLORIDE,PHENYLEPHRINE HYDROCHLORIDE,AMNEAL,INTRAVENOUS,SOLUTION,
NDA020259,,,,GLAXOSMITHKLINE LLC,ORAL,TABLET,
ANDA211780,,,,PADAGIS US,ORAL,SUSPENSION,
ANDA212492,AMINOCAPROIC ACID,AMINOCAPROIC ACID,AMINOCAPROIC ACID,AMNEAL,ORAL,TABLET,
ANDA218988,TRAZODONE HYDROCHLORIDE,TRAZODONE HYDROCHLORIDE,TRAZODONE HYDROCHLORIDE,GRANULES,ORAL,TABLET,
BLA761100,ONTRUZANT,TRASTUZUMAB,TRASTUZUMAB,SAMSUNG BIOEPIS CO LTD,IV (INFUSION),POWDER,
NDA020929,PULMICORT RESPULES,BUDESONIDE,BUDESONIDE,ASTRAZENECA,INHALATION,SUSPENSION,
NDA214518,TPOXX,TECOVIRIMAT MONOHYDRATE,TECOVIRIMAT,SIGA TECHNOLOGIES,INTRAVENOUS,SOLUTION,
ANDA214950,THEOPHYLLINE,THEOPHYLLINE,THEOPHYLLINE,VELZEN PHARMA PVT,ORAL,"TABLET, EXTENDED RELEASE",
ANDA215402,ETRAVIRINE,ETRAVIRINE,ETRAVIRINE,CARNEGIE,ORAL,TABLET,
NDA215842,RIVFLOZA,NEDOSIRAN,NEDOSIRAN SODIUM,NOVO,INJECTION,SOLUTION,
ANDA216323,METRONIDAZOLE,METRONIDAZOLE,METRONIDAZOLE,COSETTE,VAGINAL,GEL,
ANDA216775,,,,ALEMBIC PHARMS LTD,ORAL,CAPSULE,
NDA218275,ZEVTERA,CEFTOBIPROLE MEDOCARIL SODIUM,CEFTOBIPROLE MEDOCARIL SODIUM,ISTX,INTRAVENOUS,POWDER,
ANDA217260,DORZOLAMIDE HYDROCHLORIDE AND TIMOLOL MALEATE,DORZOLAMIDE HYDROCHLORIDE AND TIMOLOL MALEATE,DORZOLAMIDE HYDROCHLORIDE,INGENUS PHARMS LLC,OPHTHALMIC,SOLUTION/DROPS,
ANDA217741,DEFLAZACORT,DEFLAZACORT,DEFLAZACORT,SUN PHARM,ORAL,TABLET,
ANDA040735,,,,PHARMOBEDIENT,ORAL,TABLET,
NDA050404,,,,LEDERLE,OPHTHALMIC,OINTMENT,
NDA021265,INFUVITE PEDIATRIC,MULTIPLE VITAMINS INJECTION,.ALPHA.-TOCOPHEROL ACETATE,SANDOZ CANADA INC,INTRAVENOUS,INJECTABLE,
NDA021595,,,,ALLERGAN,ORAL,TABLET,
NDA021983,DUODOTE,ATROPINE AND PRALIDOXIME CHLORIDE,,MMT,INTRAMUSCULAR,INJECTABLE,
NDA022347,,,,PHARMACARE LTD,ORAL,TABLET,
ANDA040137,,,,WATSON LABS,ORAL,TABLET,
ANDA040440,DEXTROAMPHETAMINE SACCHARATE AND AMPHETAMINE ASPARTATE AND DEXTROAMPHETAMINE SULFATE AND AMPHETAMINE SULFATE,DEXTROAMPHETAMINE SACCHARATE AND AMPHETAMINE ASPARTATE AND DEXTROAMPHETAMINE SULFATE AND AMPHETAMINE SULFATE,AMPHETAMINE ASPARTATE MONOHYDRATE,SPECGX LLC,ORAL,TABLET,
ANDA071921,,,,WATSON LABS,ORAL,TABLET,
ANDA072335,,,,LUITPOLD,INJECTION,INJECTABLE,
ANDA073019,,,,MCNEIL,ORAL,TABLET,
NDA050781,ARESTIN,MINOCYCLINE HYDROCHLORIDE,MINOCYCLINE HYDROCHLORIDE,ORAPHARMA,DENTAL,"POWDER, EXTENDED RELEASE",
ANDA061624,,,,MYLAN,ORAL,FOR SOLUTION,
ANDA062388,,,,BAYER PHARMS,INJECTION,INJECTABLE,
ANDA062760,,,,TEVA,ORAL,CAPSULE,
ANDA065425,DEMECLOCYCLINE HYDROCHLORIDE,DEMECLOCYCLINE,DEMECLOCYCLINE HYDROCHLORIDE,AMNEAL PHARM,ORAL,TABLET,
ANDA064026,,,,APOTHECON,INJECTION,INJECTABLE,
ANDA065162,AMOXICILLIN AND CLAVULANATE POTASSIUM,AMOXICILLIN AND CLAVULANATE POTASSIUM,AMOXICILLIN,TEVA,ORAL,FOR SUSPENSION,
NDA013621,,,,SANOFI AVENTIS US,ORAL,CAPSULE,
NDA014242,,,,UCB INC,NASAL,AEROSOL,
NDA014764,,,,ROBINS AH,INJECTION,INJECTABLE,
ANDA071175,,,,SUN PHARM INDUSTRIES,ORAL,CAPSULE,
ANDA071539,,,,HERITAGE PHARMA,ORAL-21,TABLET,
ANDA074075,,,,ACTAVIS MID ATLANTIC,ORAL,SYRUP,
ANDA074424,,,,IVAX SUB TEVA PHARMS,ORAL,TABLET,
ANDA074740,,,,HOSPIRA,INJECTION,INJECTABLE,
ANDA075055,,,,IVAX SUB TEVA PHARMS,ORAL,TABLET,
ANDA075658,,,,SPECGX LLC,ORAL,CAPSULE,
ANDA075944,,,,SUN PHARM INDS LTD,ORAL,TABLET,
ANDA075367,,,,L PERRIGO CO,ORAL,TABLET,
ANDA076226,,,,STRIDES PHARMA,ORAL,TABLET,
ANDA076498,,,,ZO SKIN HEALTH,TOPICAL,CREAM,
NDA018026,,,,B BRAUN,INJECTION,INJECTABLE,
ANDA084059,,,,G AND W LABS,TOPICAL,CREAM,
ANDA084575,,,,IMPAX LABS,ORAL,"TABLET, DELAYED RELEASE",
NDA017972,,,,SUN PHARM INDS INC,INJECTION,INJECTABLE,
ANDA076779,DG HEALTH NICOTINE,NICOTINE POLACRILEX,NICOTINE,L PERRIGO CO,BUCCAL,"GUM, CHEWING",
ANDA077070,SOTALOL HYDROCHLORIDE,SOTALOL HYDROCHLORIDE,SOTALOL HYDROCHLORIDE,EPIC PHARMA LLC,ORAL,TABLET,
ANDA077364,CICLOPIROX OLAMINE,CICLOPIROX OLAMINE,CICLOPIROX OLAMINE,PADAGIS ISRAEL,TOPICAL,CREAM,
ANDA077668,,,,PHARMOBEDIENT,ORAL,CAPSULE,
ANDA077963,,,,TEVA PHARMS USA,INJECTION,INJECTABLE,
ANDA078263,,,,LUPIN LTD,ORAL,TABLET,
ANDA078560,EZETIMIBE,EZETIMIBE,EZETIMIBE,GLENMARK PHARMS LTD,ORAL,TABLET,
ANDA078865,,,,WOCKHARDT BIO AG,ORAL,"CAPSULE, EXTENDED RELEASE",
ANDA079175,INDOMETHACIN,INDOMETHACIN,INDOMETHACIN,AVANTHI INC,ORAL,"CAPSULE, EXTENDED RELEASE",
NDA017919,,,,JANSSEN PHARMS,ORAL-28,TABLET,
ANDA090471,,,,AUROBINDO PHARMA LTD,ORAL,TABLET,
ANDA090799,GEMCITABINE,GEMCITABINE,GEMCITABINE HYDROCHLORIDE,FRESENIUS KABI USA,INJECTION,INJECTABLE,
ANDA090143,DORZOLAMIDE HCL,DORZOLAMIDE HCL,DORZOLAMIDE HYDROCHLORIDE,BAUSCH AND LOMB,OPHTHALMIC,SOLUTION/DROPS,
ANDA085068,,,,SCHERER LABS,ORAL,TABLET,
ANDA085525,,,,KV PHARM,ORAL,TABLET,
ANDA085931,,,,HOSPIRA,INJECTION,INJECTABLE,
ANDA086440,,,,SCHERER RP,ORAL,CAPSULE,
ANDA087101,,,,ALPHARMA US PHARMS,INHALATION,SOLUTION,
ANDA087546,,,,HOSPIRA,INJECTION,INJECTABLE,
ANDA087912,,,,PHARMAFAIR,TOPICAL,CREAM,
ANDA088250,ANUSOL HC,HYDROCORTISONE,HYDROCORTISONE,SALIX PHARMS,TOPICAL,CREAM,
ANDA088581,,,,SMITH AND NEPHEW,INJECTION,INJECTABLE,
ANDA088880,,,,PIONEER PHARMS,ORAL,CAPSULE,
ANDA089254,,,,SUPERPHARM,ORAL,TABLET,
ANDA089618,,,,ASTRAZENECA,INHALATION,SOLUTION,
ANDA203605,SODIUM FLUORIDE F 18,SODIUM FLUORIDE F 18,SODIUM FLUORIDE F-18,MCPRF,INTRAVENOUS,INJECTABLE,
ANDA203974,METRONIDAZOLE,METRONIDAZOLE,METRONIDAZOLE,AUROBINDO PHARMA LTD,ORAL,TABLET,
ANDA204371,ULTRAMICROSIZE GRISEOFULVIN,ULTRAMICROSIZE GRISEOFULVIN TABLETS,GRISEOFULVIN,MOUNTAIN,ORAL,TABLET,
ANDA091145,FOLIC ACID,FOLIC ACID,FOLIC ACID,AIPING PHARM INC,ORAL,TABLET,
ANDA091464,,,,TEVA PHARMS USA,ORAL,TABLET,
BLA125319,ILARIS,CANAKINUMAB,CANAKINUMAB,NOVARTIS PHARMS,SUBCUTANEOUS,INJECTABLE,
NDA018933,,,,TELIGENT,INJECTION,INJECTABLE,
ANDA201578,SIROLIMUS,SIROLIMUS,SIROLIMUS,DR REDDYS,ORAL,TABLET,
NDA019028,PERIDEX,CHLORHEXIDINE GLUCONATE,CHLORHEXIDINE GLUCONATE,3M,DENTAL,SOLUTION,
ANDA202503,,,,WATSON LABS INC,ORAL,TABLET,
ANDA202847,FLUOCINOLONE ACETONIDE,FLUOCINOLONE ACETONIDE,FLUOCINOLONE ACETONIDE,PADAGIS ISRAEL,TOPICAL,OIL,
ANDA203197,DULOXETINE,DULOXETINE,DULOXETINE HYDROCHLORIDE,ALKEM LABS LTD,ORAL,"CAPSULE, DELAYED REL PELLETS",
NDA208254,RHOPRESSA,NETARSUDIL,NETARSUDIL MESYLATE,ALCON LABS INC,OPHTHALMIC,SOLUTION/DROPS,
NDA208627,TPOXX,TECOVIRIMAT MONOHYDRATE,TECOVIRIMAT MONOHYDRATE,SIGA TECHNOLOGIES,ORAL,CAPSULE,
ANDA208987,CLARITHROMYCIN,CLARITHROMYCIN,CLARITHROMYCIN,SUNSHINE,ORAL,"TABLET, EXTENDED RELEASE",
ANDA209356,SUCRALFATE,SUCRALFATE ORAL,SUCRALFATE,AMNEAL,ORAL,SUSPENSION,
ANDA205545,OMEPRAZOLE AND SODIUM BICARBONATE,OMEPRAZOLE AND SODIUM BICARBONATE,OMEPRAZOLE,AJANTA PHARMA LTD,ORAL,FOR SUSPENSION,
ANDA204735,CABERGOLINE,CABERGOLINE,CABERGOLINE,INGENUS PHARMS LLC,ORAL,TABLET,
ANDA205101,GABAPENTIN,GABAPENTIN,GABAPENTIN,SCIEGEN PHARMS INC,ORAL,TABLET,
NDA205920,PRIMATENE MIST,EPINEPHRINE INHALATION,EPINEPHRINE,ARMSTRONG PHARMS,INHALATION,"AEROSOL, METERED",
ANDA206309,TEMOZOLOMIDE,TEMOZOLOMIDE,TEMOZOLOMIDE,RISING,ORAL,CAPSULE,
ANDA207100,,,,SAGENT PHARMS INC,INTRAVENOUS,INJECTABLE,
ANDA207483,CHLORZOXAZONE,CHLORZOXAZONE,CHLORZOXAZONE,MIKART,ORAL,TABLET,
ANDA207883,PREGABALIN,PREGABALIN,PREGABALIN,PRINSTON INC,ORAL,CAPSULE,
ANDA213264,,,,TRUPHARMA,OTIC,OIL/DROPS,
ANDA213650,,,,PERRIGO UK FINCO,NASAL,SPRAY,
ANDA214091,CARBIDOPA AND LEVODOPA,CARBIDOPA AND LEVODOPA,CARBIDOPA,SCIEGEN PHARMS INC,ORAL,"TABLET, EXTENDED RELEASE",
ANDA209696,BUSPIRONE HYDROCHLORIDE,BUSPIRONE HYDROCHLORIDE,BUSPIRONE HYDROCHLORIDE,INVENTIA HLTHCARE,ORAL,TABLET,
ANDA210038,NAFTIFINE HYDROCHLORIDE,NAFTIFINE HYDROCHLORIDE,NAFTIFINE HYDROCHLORIDE,XIROMED,TOPICAL,CREAM,
ANDA210375,LEVOCETIRIZINE DIHYDROCHLORIDE,LEVOCETIRIZINE DIHYDROCHLORIDE,LEVOCETIRIZINE DIHYDROCHLORIDE,DR REDDYS,ORAL,TABLET,
NDA009238,,,,LILLY,INJECTION,INJECTABLE,
NDA210730,OLINVYK,OLICERIDINE,OLICERIDINE,TREVENA,INTRAVENOUS,SOLUTION,
NDA020163,DIANEAL PD-2 WITH DEXTROSE,"SODIUM CHLORIDE, SODIUM LACTATE, CALCIUM CHLORIDE, MAGNESIUM CHLORIDE AND DEXTROSE",CALCIUM CHLORIDE,VANTIVE US HLTHCARE,INTRAPERITONEAL,SOLUTION,
ANDA212138,,,,ZYDUS PHARMS,ORAL,TABLET,
NDA020228,,,,BOEHRINGER INGELHEIM,INHALATION,SOLUTION,
ANDA212493,DARUNAVIR,DARUNAVIR,DARUNAVIR,AMNEAL,ORAL,TABLET,
ANDA218991,VALSARTAN,VALSARTAN,VALSARTAN,ZYDUS LIFESCIENCES,ORAL,TABLET,
BLA761102,ASPARLAS,CALASPARGASE PEGOL,CALASPARGASE PEGOL,SERVIER PHARMA LLC,INTRAVENOUS,INJECTABLE,
NDA020931,TIKOSYN,DOFETILIDE,DOFETILIDE,PFIZER,ORAL,CAPSULE,
NDA214520,DEFENCATH,TAUROLIDINE AND HEPARIN,HEPARIN,CORMEDIX,N/A,SOLUTION,
NDA214952,,,,CMP DEV LLC,ORAL,SUSPENSION,
ANDA215403,ACETAMINOPHEN,ACETAMINOPHEN,ACETAMINOPHEN,INFORLIFE,INTRAVENOUS,SOLUTION,
ANDA215843,SUNITINIB MALATE,SUNITINIB MALATE,SUNITINIB MALATE,DR REDDYS,ORAL,CAPSULE,
ANDA216324,,,,AM REGENT,INJECTION,INJECTABLE,
NDA216778,ZITUVIMET XR,SITAGLIPTIN AND METFORMIN HYDROCHLORIDE,METFORMIN HYDROCHLORIDE,ZYDUS LIFESCIENCES,ORAL,"TABLET, EXTENDED RELEASE",
NDA218276,FABHALTA,IPTACOPAN,IPTACOPAN HYDROCHLORIDE,NOVARTIS,ORAL,CAPSULE,
ANDA217261,IBUPROFEN INFANTS,IBUPROFEN,IBUPROFEN,TARO,ORAL,SUSPENSION/DROPS,
ANDA040736,HYDROCODONE BITARTRATE AND ACETAMINOPHEN,HYDROCODONE BITARTRATE AND ACETAMINOPHEN,ACETAMINOPHEN,AMNEAL PHARMS NY,ORAL,TABLET,
NDA050405,,,,PRAGMA,ORAL,CAPSULE,
NDA021266,VFEND,VORICONAZOLE,VORICONAZOLE,PF PRISM CV,ORAL,TABLET,
BLA021597,,,,EMD SERONO,INJECTION,INJECTABLE,
NDA021985,ALISKIREN,ALISKIREN HEMIFUMARATE,ALISKIREN HEMIFUMARATE,NODEN PHARMA,ORAL,TABLET,
NDA022348,CALDOLOR,IBUPROFEN,IBUPROFEN,CUMBERLAND PHARMS,INTRAVENOUS,SOLUTION,
ANDA040138,,,,LANNETT CO INC,ORAL,TABLET,
ANDA040441,,,,WATSON LABS FLORIDA,ORAL,TABLET,
ANDA071922,,,,WATSON LABS,ORAL,TABLET,
ANDA072344,,,,COSETTE,RECTAL,SUPPOSITORY,
ANDA073026,ATENOLOL,ATENOLOL,ATENOLOL,HLTHCARE,ORAL,TABLET,
NDA050782,CLINDAMYCIN PHOSPHATE,CLINDAMYCIN PHOSPHATE,CLINDAMYCIN PHOSPHATE,BAUSCH,TOPICAL,GEL,
ANDA061633,,,,ROBINS AH,ORAL,"TABLET, DELAYED RELEASE",
ANDA062389,,,,PHARMAFAIR,OPHTHALMIC,OINTMENT,
ANDA062761,,,,TEVA,ORAL,CAPSULE,
NDA013247,,,,NOVARTIS,RECTAL,SUPPOSITORY,
NDA006044,,,,ABBVIE,ORAL,"TABLET, DELAYED RELEASE",
ANDA065163,,,,HERITAGE PHARMA,ORAL,TABLET,
ANDA070203,,,,USL PHARMA,ORAL,TABLET,
ANDA070536,,,,STRIDES PHARMA,ORAL,TABLET,
ANDA070849,,,,HOSPIRA,INJECTION,INJECTABLE,
ANDA071178,,,,PAR PHARM,ORAL,TABLET,
ANDA071540,,,,HERITAGE PHARMA,ORAL-28,TABLET,
ANDA074076,,,,HIKMA,ORAL,SOLUTION,
ANDA074425,PENTOXIFYLLINE,PENTOXIFYLLINE,PENTOXIFYLLINE,RISING,ORAL,"TABLET, EXTENDED RELEASE",
ANDA074741,,,,HOSPIRA,INJECTION,INJECTABLE,
ANDA075057,CLOBETASOL PROPIONATE,CLOBETASOL PROPIONATE,CLOBETASOL PROPIONATE,AUROBINDO PHARMA USA,TOPICAL,OINTMENT,
ANDA075659,,,,WATSON LABS,ORAL,"TABLET, EXTENDED RELEASE",
ANDA075945,AMNESTEEM,ISOTRETINOIN,ISOTRETINOIN,MYLAN PHARMS INC,ORAL,CAPSULE,
ANDA075368,CLOBETASOL PROPIONATE,CLOBETASOL PROPIONATE,CLOBETASOL PROPIONATE,FOUGERA PHARMS,TOPICAL,GEL,
ANDA076228,,,,HERITAGE PHARMA AVET,ORAL,TABLET,
ANDA076499,MOMETASONE FUROATE,MOMETASONE FUROATE,MOMETASONE FUROATE,ENCUBE,TOPICAL,LOTION,
ANDA083431,,,,ABRAXIS PHARM,INJECTION,INJECTABLE,
ANDA084060,,,,GLAXOSMITHKLINE,INJECTION,INJECTABLE,
ANDA084576,,,,IMPAX LABS,ORAL,TABLET,
ANDA081054,,,,PLIVA,ORAL,TABLET,
ANDA076780,ONDANSETRON,ONDANSETRON,ONDANSETRON HYDROCHLORIDE,HIKMA FARMACEUTICA,INJECTION,INJECTABLE,
ANDA077071,,,,SANDOZ,INJECTION,INJECTABLE,
ANDA077365,ONDANSETRON,ONDANSETRON,ONDANSETRON HYDROCHLORIDE,HIKMA,INJECTION,INJECTABLE,
ANDA077670,,,,LUPIN,ORAL,TABLET,
ANDA077965,,,,TARO,ORAL,SOLUTION,
ANDA078266,CICLOPIROX,CICLOPIROX,CICLOPIROX,PADAGIS US,TOPICAL,GEL,
NDA017751,,,,ASTRAZENECA,INJECTION,INJECTABLE,
ANDA078866,BUPROPION HYDROCHLORIDE,BUPROPION HYDROCHLORIDE,BUPROPION HYDROCHLORIDE,SUN PHARM,ORAL,"TABLET, EXTENDED RELEASE",
NDA017858,KIT FOR THE PREPARTION OF TECHNETIUM TC99M SULFUR COLLOID,TECHNETIUM TC 99M SULFUR COLLOID,,SUN PHARM INDS INC,"INJECTION, ORAL",SOLUTION,
ANDA080473,,,,VALEANT INTL,TOPICAL,LOTION,
ANDA090472,,,,ZYDUS PHARMS,ORAL,TABLET,
ANDA090800,,,,SUN PHARM INDS LTD,ORAL,TABLET,
ANDA090145,"PEG-3350, SODIUM SULFATE, SODIUM CHLORIDE, POTASSIUM CHLORIDE, SODIUM ASCORBATE AND ASCORBIC ACID","PEG-3350, SODIUM SULFATE, SODIUM CHLORIDE, POTASSIUM CHLORIDE, SODIUM ASCORBATE AND ASCORBIC ACID",,NOVEL LABS INC,ORAL,FOR SOLUTION,
ANDA085070,HYDROCORTISONE,HYDROCORTISONE,HYDROCORTISONE,CHARTWELL MOLECULAR,ORAL,TABLET,
ANDA085527,,,,SYOSSET,TOPICAL,CREAM,
ANDA085932,,,,HOSPIRA,INJECTION,INJECTABLE,
ANDA086445,,,,NORVIUM BIOSCIENCE,ORAL,TABLET,
ANDA087102,,,,TARO,TOPICAL,CREAM,
ANDA087547,,,,ALCON,OPHTHALMIC,SUSPENSION,
ANDA087913,,,,IVAX PHARMS,ORAL,TABLET,
ANDA088251,,,,PAI HOLDINGS PHARM,ORAL,SYRUP,
ANDA088582,,,,ASCOT,ORAL,"TABLET, EXTENDED RELEASE",
ANDA088881,,,,PHARMAFAIR,INJECTION,INJECTABLE,
ANDA089256,,,,QUAD PHARMS,Injection,Injectable,
ANDA089619,,,,QUAD PHARMS,Injection,Injectable,
ANDA203608,,,,SAGENT PHARMS INC,INJECTION,INJECTABLE,
NDA203975,UMECLIDINIUM AND VILLANTEROL ELLIPTA,UMECLIDINIUM BROMIDE AND VILANTEROL TRIFENATATE,UMECLIDINIUM BROMIDE,GLAXOSMITHKLINE,INHALATION,POWDER,
ANDA204372,QUININE SULFATE,QUININE SULFATE,QUININE SULFATE,NOVAST LABS,ORAL,CAPSULE,
ANDA091149,,,,TEVA PHARMS USA,SUBLINGUAL,TABLET,
ANDA091465,,,,SANDOZ,INJECTION,INJECTABLE,
NDA018897,SODIUM CHLORIDE,SODIUM CHLORIDE,SODIUM CHLORIDE,HOSPIRA,INTRAVENOUS,SOLUTION,
ANDA200794,,,,SUN PHARM INDS LTD,ORAL,"TABLET, DELAYED RELEASE",
NDA018985,,,,JANSSEN PHARMS,ORAL-28,TABLET,
ANDA202142,PROLATE,OXYCODONE HYDROCHLORIDE AND ACETAMINOPHEN,ACETAMINOPHEN,MIKART,ORAL,SOLUTION,
ANDA202505,BIMATOPROST,BIMATOPROST,BIMATOPROST,MICRO LABS,OPHTHALMIC,SOLUTION/DROPS,
ANDA202848,FLUOCINOLONE ACETONIDE,FLUOCINOLONE ACETONIDE,FLUOCINOLONE ACETONIDE,PADAGIS ISRAEL,TOPICAL,OIL,
ANDA203198,HEPARIN SODIUM,HEPARIN SODIUM,HEPARIN SODIUM,SHENZHEN TECHDOW,INJECTION,INJECTABLE,
NDA208255,SYMFI LO,"EFAVIRENZ, LAMIVUDINE AND TENOFOVIR DISOPROXIL FUMARATE",EFAVIRENZ,MYLAN,ORAL,TABLET,
ANDA208628,BEXAROTENE,BEXAROTENE,BEXAROTENE,ASCENT PHARMS INC,ORAL,CAPSULE,
ANDA208988,ZIPRASIDONE,ZIPRASIDONE,ZIPRASIDONE HYDROCHLORIDE,ZYDUS LIFESCIENCES,ORAL,CAPSULE,
ANDA209357,PREGABALIN,PREGABALIN,PREGABALIN,MSN,ORAL,CAPSULE,
ANDA205548,CIPROFLOXACIN AND DEXAMETHASONE,CIPROFLOXACIN AND DEXAMETHASONE,CIPROFLOXACIN HYDROCHLORIDE,DR REDDYS,OTIC,SUSPENSION/DROPS,
NDA204736,,,,AYTU,ORAL,"CAPSULE, DELAYED RELEASE",
ANDA205102,,,,CHINA RESOURCES,ORAL,TABLET,
ANDA205921,,,,MYLAN LABS LTD,ORAL,"TABLET, EXTENDED RELEASE",
ANDA206310,,,,MACLEODS PHARMS LTD,ORAL,"CAPSULE, EXTENDED RELEASE",
ANDA206726,,,,AUROLIFE PHARMA LLC,ORAL,"TABLET, EXTENDED RELEASE",
ANDA207101,SUMATRIPTAN,SUMATRIPTAN,SUMATRIPTAN SUCCINATE,BAXTER HLTHCARE CORP,SUBCUTANEOUS,INJECTABLE,
ANDA207484,RYVENT,CARBINOXAMINE MALEATE,CARBINOXAMINE MALEATE,MIKART,ORAL,TABLET,
ANDA207884,METHYLPHENIDATE HYDROCHLORIDE,METHYLPHENIDATE HYDROCHLORIDE,METHYLPHENIDATE HYDROCHLORIDE,NOVEL LABS INC,ORAL,TABLET,
ANDA212881,CLOBETASOL PROPIONATE,CLOBETASOL PROPIONATE,CLOBETASOL PROPIONATE,ALEMBIC,TOPICAL,SOLUTION,
ANDA213265,FLUOXETINE,FLUOXETINE,FLUOXETINE HYDROCHLORIDE,AUROBINDO PHARMA LTD,ORAL,TABLET,
ANDA213651,METFORMIN HYDROCHLORIDE,METFORMIN HYDROCHLORIDE,METFORMIN HYDROCHLORIDE,AJANTA PHARMA LTD,ORAL,"TABLET, EXTENDED RELEASE",
ANDA214092,CARBIDOPA AND LEVODOPA,CARBIDOPA AND LEVODOPA,CARBIDOPA,SCIEGEN PHARMS INC,ORAL,TABLET,
ANDA209697,,,,TORRENT,ORAL,TABLET,
ANDA210039,CLOBAZAM,CLOBAZAM,CLOBAZAM,AMNEAL,ORAL,SUSPENSION,
ANDA210377,DIMETHYL FUMARATE,DIMETHYL FUMARATE,DIMETHYL FUMARATE,MACLEODS PHARMS LTD,ORAL,"CAPSULE, DELAYED RELEASE",
NDA020195,,,,CEPHALON,ORAL,TROCHE/LOZENGE,
NDA020124,DIAZEPAM,DIAZEPAM,DIAZEPAM,US ARMY,INJECTION,INJECTABLE,
ANDA211079,PHENYLEPHRINE HYDROCHLORIDE,PHENYLEPHRINE HYDROCHLORIDE,PHENYLEPHRINE HYDROCHLORIDE,AMNEAL,INTRAVENOUS,SOLUTION,
ANDA212143,FOSAPREPITANT,FOSAPREPITANT,FOSAPREPITANT DIMEGLUMINE,CHIA TAI TIANQING,INTRAVENOUS,POWDER,
NDA211781,HELIUM,HELIUM,HELIUM,"A-OX WELDING SUPPLY CO, INC.",INHALATION,GAS,
ANDA212494,AMINOCAPROIC ACID,AMINOCAPROIC ACID,AMINOCAPROIC ACID,TRUPHARMA,ORAL,SOLUTION,
ANDA218993,MIDAZOLAM IN SODIUM CHLORIDE,MIDAZOLAM HYDROCHLORIDE,MIDAZOLAM HYDROCHLORIDE,GLAND,INTRAVENOUS,SOLUTION,
BLA761103,RUXIENCE,RITUXIMAB-PVVR,RITUXIMAB,PFIZER INC,INJECTION,INJECTABLE,
NDA020932,,,,ROXANE,ORAL,"TABLET, EXTENDED RELEASE",
ANDA214955,BUTALBITAL AND ACETAMINOPHEN,BUTALBITAL AND ACETAMINOPHEN,ACETAMINOPHEN,NE RX PHARMA,ORAL,TABLET,
ANDA215404,ACYCLOVIR,ACYCLOVIR,ACYCLOVIR SODIUM,FRESENIUS KABI USA,INJECTION,INJECTABLE,
ANDA215846,SODIUM NITROPRUSSIDE IN 0.9% SODIUM CHLORIDE,SODIUM NITROPRUSSIDE IN 0.9% SODIUM CHLORIDE,SODIUM NITROPRUSSIDE,SLATE RUN PHARMA,INTRAVENOUS,SOLUTION,
ANDA216326,POSACONAZOLE,POSACONAZOLE,POSACONAZOLE,WESTMINSTER PHARMS,ORAL,"TABLET, DELAYED RELEASE",
ANDA216780,LIDOCAINE HYDROCHLORIDE,LIDOCAINE HYDROCHLORIDE,LIDOCAINE HYDROCHLORIDE,RUBICON RESEARCH,ORAL,SOLUTION,
ANDA218278,OXCARBAZEPINE,OXCARBAZEPINE,OXCARBAZEPINE,BIOCON PHARMA,ORAL,SUSPENSION,
ANDA217263,,,,AM REGENT,INJECTION,INJECTABLE,
ANDA217748,ALLOPURINOL,ALLOPURINOL,ALLOPURINOL,HETERO LABS LTD V,ORAL,TABLET,
ANDA040737,PROMETHAZINE HYDROCHLORIDE,PROMETHAZINE HYDROCHLORIDE,PROMETHAZINE HYDROCHLORIDE,XGEN PHARMS,INJECTION,INJECTABLE,
NDA050406,,,,PRAGMA,ORAL,FOR SUSPENSION,
NDA021267,VFEND,VORICONAZOLE,VORICONAZOLE,PF PRISM CV,INTRAVENOUS,INJECTABLE,
NDA021598,VIGAMOX,MOXIFLOXACIN HYDROCHLORIDE,MOXIFLOXACIN HYDROCHLORIDE,HARROW EYE,OPHTHALMIC,SOLUTION/DROPS,
NDA021986,DASATINIB,DASATINIB,DASATINIB,BRISTOL MYERS SQUIBB,ORAL,TABLET,
NDA022350,ONGLYZA,SAXAGLIPTIN,SAXAGLIPTIN HYDROCHLORIDE,ASTRAZENECA AB,ORAL,TABLET,
ANDA040139,,,,WATSON LABS,ORAL,TABLET,
ANDA040442,CARBINOXAMINE MALEATE,CARBINOXAMINE MALEATE,CARBINOXAMINE MALEATE,GENUS,ORAL,TABLET,
ANDA071541,,,,LPI,ORAL-21,TABLET,
ANDA071923,,,,WATSON LABS,ORAL,TABLET,
ANDA072352,,,,WATSON LABS,ORAL,CAPSULE,
ANDA073030,,,,FOUGERA PHARMS INC,TOPICAL,CREAM,
NDA050783,,,,GALDERMA LABS LP,ORAL,TABLET,
ANDA061639,,,,ARBOR PHARMS LLC,ORAL,SUSPENSION,
ANDA062390,,,,APOTHECON,ORAL,TABLET,
NDA012486,,,,ROCHE,ORAL,TABLET,
ANDA065427,,,,SOMERSET THERAPS LLC,ORAL,TABLET,
NDA012704,,,,ASTRAZENECA,INJECTION,INJECTABLE,
NDA012885,,,,LUNDBECK INC,ORAL,TABLET,
ANDA070204,,,,USL PHARMA,ORAL,TABLET,
ANDA070537,,,,STRIDES PHARMA,ORAL,TABLET,
ANDA070850,,,,SANDOZ,ORAL,TABLET,
ANDA071179,,,,PAR PHARM,ORAL,TABLET,
ANDA074077,,,,PAI HOLDINGS PHARM,"ORAL, RECTAL",SOLUTION,
ANDA074428,,,,ENDO OPERATIONS,INJECTION,INJECTABLE,
ANDA074743,,,,SIGHT PHARMS,TOPICAL,SOLUTION,
ANDA075058,,,,SUN PHARM INDS INC,ORAL,TABLET,
ANDA075660,,,,HIKMA,Injection,Injectable,
ANDA075947,,,,ACTAVIS ELIZABETH,ORAL,TABLET,
ANDA075369,,,,KRKA DD NOVO MESTO,ORAL,TABLET,
ANDA076229,AMCINONIDE,AMCINONIDE,AMCINONIDE,TARO PHARM INDS,TOPICAL,CREAM,
ANDA076500,,,,HIKMA,INJECTION,INJECTABLE,
ANDA083436,,,,LANNETT,ORAL,TABLET,
ANDA084072,,,,WATSON LABS,INJECTION,INJECTABLE,
ANDA084577,,,,IMPAX LABS,ORAL,"TABLET, DELAYED RELEASE",
ANDA081066,,,,BEN VENUE,INJECTION,INJECTABLE,
ANDA076781,ONDANSETRON,ONDANSETRON,ONDANSETRON HYDROCHLORIDE,HIKMA FARMACEUTICA,INJECTION,INJECTABLE,
ANDA077072,,,,LANDELA PHARM,INHALATION,SOLUTION,
ANDA077366,,,,RANBAXY,ORAL,TABLET,
ANDA077671,,,,WATSON LABS,ORAL,TABLET,
ANDA077966,MILRINONE LACTATE,MILRINONE LACTATE,MILRINONE LACTATE,HIKMA FARMACEUTICA,INJECTION,INJECTABLE,
NDA017691,,,,SCHERING,TOPICAL,OINTMENT,
ANDA078561,ALPRAZOLAM,ALPRAZOLAM,ALPRAZOLAM,ACTAVIS ELIZABETH,ORAL,"TABLET, ORALLY DISINTEGRATING",
NDA017810,,,,PFIZER,VAGINAL,SUPPOSITORY,
ANDA079179,IMATINIB MESYLATE,IMATINIB MESYLATE,IMATINIB MESYLATE,APOTEX,ORAL,TABLET,
ANDA080474,,,,DERMIK LABS,TOPICAL,OINTMENT,
ANDA090473,,,,CHARTWELL,ORAL,TABLET,
NDA018796,,,,ALCON,OPHTHALMIC,GEL,
ANDA090146,,,,FOUGERA PHARMS,TOPICAL,SHAMPOO,
ANDA085075,,,,FLEMING PHARMS,ORAL,"CAPSULE, EXTENDED RELEASE",
ANDA085528,,,,WATSON LABS,INJECTION,INJECTABLE,
ANDA085934,,,,SANDOZ,ORAL,TABLET,
ANDA086450,,,,VALEANT PHARMS NORTH,ORAL,TABLET,
ANDA087104,,,,TARO,TOPICAL,CREAM,
ANDA087550,,,,WATSON LABS,ORAL,TABLET,
ANDA087914,,,,HALSEY,ORAL,CAPSULE,
ANDA088252,DEXAMETHASONE INTENSOL,DEXAMETHASONE INTENSOL,DEXAMETHASONE,HIKMA,ORAL,CONCENTRATE,
ANDA088584,,,,PHARM RES ASSOC,ORAL,CAPSULE,
ANDA088882,,,,HERITAGE PHARMA,ORAL,TABLET,
ANDA089257,,,,QUAD PHARMS,Injection,Injectable,
ANDA089624,,,,ORGANON USA INC,INJECTION,INJECTABLE,
ANDA203609,FLUOROURACIL,FLUOROURACIL,FLUOROURACIL,SAGENT PHARMS INC,INJECTION,INJECTABLE,
ANDA203976,COLCHICINE,COLCHICINE,COLCHICINE,ENDO OPERATIONS,ORAL,TABLET,
ANDA204373,DUTASTERIDE,DUTASTERIDE,DUTASTERIDE,ZYDUS LIFESCIENCES,ORAL,CAPSULE,
NDA018832,ALLOPURINOL,ALLOPURINOL,ALLOPURINOL,WATSON LABS,ORAL,TABLET,
NDA018868,,,,KALAPHARM,ORAL,TABLET,
BLA125320,PROLIA,DENOSUMAB,DENOSUMAB,AMGEN,SUBCUTANEOUS,INJECTABLE,
NDA200795,GEMCITABINE,GEMCITABINE,GEMCITABINE HYDROCHLORIDE,HOSPIRA INC,INJECTION,INJECTABLE,
ANDA201580,TRANEXAMIC ACID,TRANEXAMIC ACID,TRANEXAMIC ACID,XGEN PHARMS,INJECTION,INJECTABLE,
ANDA202143,,,,AM REGENT,INTRAVENOUS,INJECTABLE,
ANDA202506,,,,WATSON LABS INC,ORAL,TABLET,
ANDA202849,FLUOCINOLONE ACETONIDE,FLUOCINOLONE ACETONIDE,FLUOCINOLONE ACETONIDE,PADAGIS ISRAEL,OTIC,OIL/DROPS,
ANDA203200,EQUALINE CONGESTION RELIEF,"IBUPROFEN, PHENYLEPHRINE HCL",IBUPROFEN,PERRIGO R AND D,ORAL,TABLET,
ANDA208256,ROFLUMILAST,ROFLUMILAST,ROFLUMILAST,MSN,ORAL,TABLET,
NDA208630,GLEOLAN,AMINOLEVULINIC ACID HYDROCHLORIDE,AMINOLEVULINIC ACID HYDROCHLORIDE,NXDC,ORAL,FOR SOLUTION,
ANDA208989,FLUOCINONIDE,FLUOCINONIDE,FLUOCINONIDE,ZYDUS LIFESCIENCES,TOPICAL,CREAM,
ANDA209358,CALCITONIN SALMON,CALCITONIN SALMON,CALCITONIN SALMON,ENDO OPERATIONS,INJECTION,INJECTABLE,
ANDA205549,,,,STRIDES PHARMA,ORAL,"CAPSULE, EXTENDED RELEASE",
ANDA204737,PYRIDOSTIGMINE BROMIDE,PYRIDOSTIGMINE BROMIDE,PYRIDOSTIGMINE BROMIDE,ALVOGEN,ORAL,"TABLET, EXTENDED RELEASE",
NDA205103,,,,GENUS LIFESCIENCES,ORAL,"TABLET, DELAYED RELEASE",
ANDA205923,,,,XELLIA PHARMS APS,INTRAVENOUS,POWDER,
ANDA206312,,,,SCIEGEN PHARMS INC,DENTAL,PASTE,
ANDA206729,,,,MICRO LABS LTD,ORAL,TABLET,
NDA207103,IBRANCE,PALBOCICLIB,PALBOCICLIB,PFIZER,ORAL,CAPSULE,
ANDA207485,METHYLPHENIDATE,METHYLPHENIDATE HYDROCHLORIDE,METHYLPHENIDATE HYDROCHLORIDE,ABHAI LLC,ORAL,SOLUTION,
ANDA207891,OMEPRAZOLE,OMEPRAZOLE,OMEPRAZOLE,SUN PHARM,ORAL,"TABLET, DELAYED RELEASE",
ANDA212882,TESTOSTERONE,TESTOSTERONE,TESTOSTERONE,ALEMBIC,TRANSDERMAL,"SOLUTION, METERED",
ANDA213266,AMAZON BASIC CARE NICOTINE POLACRILEX,NICOTINE POLACRILEX,NICOTINE,AUROBINDO PHARMA,ORAL,TROCHE/LOZENGE,
ANDA213652,LEFLUNOMIDE,LEFLUNOMIDE,LEFLUNOMIDE,AUROBINDO PHARMA,ORAL,TABLET,
NDA214094,ORLADEYO,BEROTRALSTAT HYDROCHLORIDE,BEROTRALSTAT HYDROCHLORIDE,BIOCRYST,ORAL,CAPSULE,
NDA019999,,,,MERIDIAN MEDCL TECHN,INTRAMUSCULAR,SOLUTION,
NDA020044,,,,GLAXOSMITHKLINE,INTRATRACHEAL,FOR SUSPENSION,
NDA020080,IMITREX,SUMATRIPTAN,SUMATRIPTAN SUCCINATE,GLAXOSMITHKLINE,SUBCUTANEOUS,INJECTABLE,
ANDA211433,CLONIDINE HYDROCHLORIDE,CLONIDINE HYDROCHLORIDE,CLONIDINE HYDROCHLORIDE,SOMERSET THERAPS LLC,ORAL,"TABLET, EXTENDED RELEASE",
ANDA210732,,,,HIKMA,ORAL,"CAPSULE, EXTENDED RELEASE",
ANDA211080,FENOFIBRATE,FENOFIBRATE,FENOFIBRATE,PRINSTON INC,ORAL,TABLET,
ANDA212144,CHLORPROMAZINE HYDROCHLORIDE,CHLORPROMAZINE HYDROCHLORIDE,CHLORPROMAZINE HYDROCHLORIDE,GLENMARK PHARMS LTD,ORAL,TABLET,
ANDA211782,APREMILAST,APREMILAST,APREMILAST,AMNEAL,ORAL,TABLET,
ANDA212495,,,,CHARTWELL RX,TOPICAL,OINTMENT,
ANDA218994,ICOSAPENT ETHYL,ICOSAPENT ETHYL CAPSULES,ICOSAPENT ETHYL,SPRIASO LLC,ORAL,CAPSULE,
BLA761104,,,,INNATE PHARMA,INJECTION,INJECTABLE,
NDA020933,VIRAMUNE,NEVIRAPINE,NEVIRAPINE,BOEHRINGER INGELHEIM,ORAL,SUSPENSION,
NDA214522,TADLIQ,TADALAFIL,TADALAFIL,CMP DEV LLC,ORAL,SUSPENSION,
ANDA214956,GABAPENTIN,GABAPENTIN,GABAPENTIN,ASCENT PHARMS INC,ORAL,CAPSULE,
ANDA215406,NICARDIPINE HYDROCHLORIDE,NICARDIPINE HYDROCHLORIDE,NICARDIPINE HYDROCHLORIDE,AMNEAL,INJECTION,INJECTABLE,
ANDA215847,BETAMETHASONE DIPROPIONATE,BETAMETHASONE DIPROPIONATE,BETAMETHASONE DIPROPIONATE,PADAGIS ISRAEL,TOPICAL,OINTMENT,
ANDA216327,DILTIAZEM HYDROCHLORIDE,DILTIAZEM HYDROCHLORIDE,DILTIAZEM HYDROCHLORIDE,SCIEGEN PHARMS INC,ORAL,"TABLET, EXTENDED RELEASE",
ANDA216782,DICYCLOMINE HYDROCHLORIDE,DICYCLOMINE HYDROCHLORIDE,DICYCLOMINE HYDROCHLORIDE,TWI PHARMS,ORAL,TABLET,
ANDA218281,ERIBULIN MESYLATE,ERIBULIN MESYLATE,ERIBULIN MESYLATE,JIANGXI KVVIT PHARM,INTRAVENOUS,SOLUTION,
ANDA217264,"ESOMEPRAZOLE MAGNESIUM DELAYED-RELEASE CAPSULES, 20 MG","ESOMEPRAZOLE MAGNESIUM DELAYED-RELEASE CAPSULES, 20 MG",ESOMEPRAZOLE MAGNESIUM,MARKSANS PHARMA,ORAL,"CAPSULE, DELAYED RELEASE",
ANDA040743,FLUOROURACIL,FLUOROURACIL,FLUOROURACIL,ACCORD HLTHCARE,INJECTION,INJECTABLE,
NDA050416,,,,CASPER PHARMA LLC,OPHTHALMIC,OINTMENT,
NDA021268,,,,ABBVIE,ORAL,TABLET,
NDA021602,VELCADE,BORTEZOMIB,BORTEZOMIB,TAKEDA PHARMS USA,"INTRAVENOUS, SUBCUTANEOUS",INJECTABLE,
NDA021988,,,,STRIDES ACROLAB,ORAL,TABLET,
NDA022351,,,,AR HOLDING CO INC,ORAL,TABLET,
ANDA040140,,,,HOSPIRA,INJECTION,INJECTABLE,
ANDA040443,,,,WATSON LABS FLORIDA,ORAL,TABLET,
ANDA071542,,,,LPI,ORAL-28,TABLET,
ANDA071924,,,,PUREPAC PHARM,ORAL,CAPSULE,
ANDA072353,,,,WATSON LABS,ORAL,TABLET,
ANDA073034,,,,G AND W LABS INC,ORAL,SYRUP,
NDA011963,PHOSPHOLINE IODIDE,ECHOTHIOPHATE IODIDE FOR OPHTHALMIC SOLUTION,,FERA PHARMS LLC,OPHTHALMIC,FOR SOLUTION,
ANDA061645,,,,ALCON,OPHTHALMIC,SOLUTION/DROPS,
NDA012301,,,,BAUSCH,INJECTION,INJECTABLE,
ANDA062762,,,,IVAX SUB TEVA PHARMS,ORAL,CAPSULE,
ANDA065428,,,,WOCKHARDT,ORAL,TABLET,
ANDA064028,,,,SCIEGEN PHARMS INC,OPHTHALMIC,OINTMENT,
ANDA065166,,,,CHARTWELL RX,ORAL,TABLET,
ANDA070205,,,,ALPHARMA US PHARMS,ORAL,SYRUP,
ANDA070539,,,,USL PHARMA,ORAL,TABLET,
ANDA070851,,,,ACTAVIS ELIZABETH,ORAL,TABLET,
ANDA071181,,,,QUAD PHARMS,Injection,Injectable,
ANDA074079,,,,TEVA,ORAL,"CAPSULE, EXTENDED RELEASE",
ANDA074430,DESIPRAMINE HYDROCHLORIDE,DESIPRAMINE HYDROCHLORIDE,DESIPRAMINE HYDROCHLORIDE,ACTAVIS TOTOWA,ORAL,TABLET,
ANDA074744,,,,COSETTE,ORAL,TABLET,
ANDA075060,AMANTADINE,AMANTADINE,AMANTADINE HYDROCHLORIDE,XTTRIUM LABS INC,ORAL,SYRUP,
ANDA075661,,,,DR REDDYS,ORAL,TABLET,
ANDA075948,CARBAMAZEPINE,CARBAMAZEPINE,CARBAMAZEPINE,APOTEX,ORAL,TABLET,
ANDA075370,,,,KRKA DD NOVO MESTO,ORAL,TABLET,
ANDA076230,LISINOPRIL AND HYDROCHLOROTHIAZIDE,LISINOPRIL AND HYDROCHLOROTHIAZIDE TABLETS,HYDROCHLOROTHIAZIDE,PRINSTON INC,ORAL,TABLET,
ANDA076501,,,,HIKMA,INJECTION,INJECTABLE,
ANDA083439,,,,EVERYLIFE,ORAL,TABLET,
ANDA084074,,,,LANNETT,ORAL,TABLET,
ANDA084578,,,,LANNETT,ORAL,ELIXIR,
ANDA081067,,,,MIKART,ORAL,CAPSULE,
ANDA076783,ARANELLE,NORETHINDRONE AND ETHINYL ESTRADIOL,,BARR,ORAL-28,TABLET,
ANDA077073,AMLODIPINE BESYLATE,AMLODIPINE BESYLATE,AMLODIPINE BESYLATE,CIPLA,ORAL,TABLET,
NDA017561,,,,SCHERING,INJECTION,INJECTABLE,
NDA007110,,,,MERCK,INJECTION,INJECTABLE,
NDA017651,HEPARIN SODIUM,HEPARIN SODIUM,HEPARIN SODIUM,FRESENIUS KABI USA,INJECTION,INJECTABLE,
ANDA078267,NORETHINDRONE ACETATE AND ETHINYL ESTRADIOL,NORETHINDRONE ACETATE AND ETHINYL ESTRADIOL,,AMNEAL PHARMS,ORAL,TABLET,
ANDA078562,,,,RISING,INJECTION,INJECTABLE,
ANDA078867,,,,LUITPOLD,INJECTION,INJECTABLE,
ANDA079182,OMEPRAZOLE/SODIUM BICARBONATE,OMEPRAZOLE,OMEPRAZOLE,STRIDES PHARMA,ORAL,FOR SUSPENSION,
ANDA080475,,,,PUREPAC PHARM,"BUCCAL, SUBLINGUAL",TABLET,
NDA018757,,,,MISSION PHARMA,ORAL,POWDER,
ANDA090801,URSODIOL,URSODIOL,URSODIOL,GLENMARK PHARMS LTD,ORAL,TABLET,
NDA008381,,,,ANI PHARMS,ORAL,SYRUP,
ANDA085076,,,,PVT FORM,ORAL,TABLET,
ANDA085529,,,,WATSON LABS,INJECTION,INJECTABLE,
ANDA085935,,,,UCB INC,ORAL,TABLET,
ANDA086453,,,,VITARINE,ORAL,TABLET,
ANDA087107,,,,SOLOPAK,INJECTION,INJECTABLE,
ANDA087551,,,,SOLOPAK,INJECTION,INJECTABLE,
ANDA087915,,,,CHARTWELL RX,ORAL,CAPSULE,
ANDA088253,,,,PHARM RES ASSOC,ORAL,"TABLET, EXTENDED RELEASE",
ANDA088585,,,,PIONEER PHARMS,ORAL,TABLET,
ANDA088883,,,,PLIVA,ORAL,TABLET,
ANDA089258,,,,ANDA REPOSITORY,ORAL,TABLET,
ANDA089626,,,,TARO,ORAL,ELIXIR,
ANDA203611,,,,ACTAVIS ELIZABETH,ORAL,TABLET,
ANDA203978,NICARDIPINE HYDROCHLORIDE IN SODIUM CHLORIDE,NICARDIPINE HYDROCHLORIDE,NICARDIPINE HYDROCHLORIDE,INFORLIFE,INTRAVENOUS,INJECTABLE,
ANDA204374,SOLIFENACIN SUCCINATE,SOLIFENACIN SUCCINATE,SOLIFENACIN SUCCINATE,MACLEODS PHARMS LTD,ORAL,TABLET,
ANDA091151,ESZOPICLONE,ESZOPICLONE,ESZOPICLONE,MYLAN PHARMS INC,ORAL,TABLET,
ANDA091466,,,,SUN PHARM INDS LTD,ORAL,TABLET,
BLA125326,ARZERRA,OFATUMUMAB,OFATUMUMAB,NOVARTIS,SUBCUTANEOUS,SOLUTION,
NDA200796,EDARBI,AZILSARTAN KAMEDOXOMIL,AZILSARTAN KAMEDOXOMIL,AZURITY,ORAL,TABLET,
ANDA201581,MONTELUKAST SODIUM,MONTELUKAST SODIUM,MONTELUKAST SODIUM,SENORES PHARMS,ORAL,"TABLET, CHEWABLE",
ANDA202144,,,,ACTAVIS LABS FL INC,ORAL,"TABLET, EXTENDED RELEASE",
ANDA202507,,,,XIROMED,ORAL-28,TABLET,
ANDA202850,POLYETHYLENE GLYCOL 3350,POLYETHYLENE GLYCOL 3350,POLYETHYLENE GLYCOL 3350,ANI PHARMS,ORAL,FOR SOLUTION,
NDA203202,NORTHERA,DROXIDOPA,DROXIDOPA,LUNDBECK NA LTD,ORAL,CAPSULE,
ANDA208257,ROFLUMILAST,ROFLUMILAST,ROFLUMILAST,NORVIUM BIOSCIENCE,ORAL,TABLET,
ANDA208632,CLOMIPRAMINE HCL,CLOMIPRAMINE HCL,CLOMIPRAMINE HYDROCHLORIDE,AMNEAL PHARMS CO,ORAL,CAPSULE,
NDA019917,,,,ICU MEDICAL INC,INJECTION,INJECTABLE,
NDA019957,,,,FOUGERA PHARMS,TOPICAL,OINTMENT,
ANDA205550,,,,JUBILANT GENERICS,ORAL,"TABLET, EXTENDED RELEASE",
ANDA204739,LOPINAVIR AND RITONAVIR,LOPINAVIR AND RITONAVIR,LOPINAVIR,MACLEODS PHARMS LTD,ORAL,TABLET,
ANDA205104,,,,IPCA LABS LTD,ORAL,TABLET,
ANDA205924,PREGABLIN,PREGABLIN,PREGABALIN,MACLEODS PHARMS LTD,ORAL,CAPSULE,
ANDA206314,FELBAMATE,FELBAMATE,FELBAMATE,TARO,ORAL,SUSPENSION,
ANDA206734,DEXMETHYLPHENIDATE HYDROCHLORIDE,DEXMETHYLPHENIDATE HYDROCHLORIDE,DEXMETHYLPHENIDATE HYDROCHLORIDE,SUN PHARM INDS INC,ORAL,"CAPSULE, EXTENDED RELEASE",
ANDA207104,DAPTOMYCIN,DAPTOMYCIN,DAPTOMYCIN,SAGENT PHARMS INC,INTRAVENOUS,POWDER,
ANDA207486,EVEROLIMUS,EVEROLIMUS,EVEROLIMUS,HIKMA,ORAL,TABLET,
ANDA207895,,,,PHARMACARE LTD,ORAL,TABLET,
ANDA212883,SILDENAFIL,SILDENAFIL,SILDENAFIL CITRATE,AJANTA PHARMA LTD,ORAL,FOR SUSPENSION,
ANDA213267,,,,NATCO,ORAL,CAPSULE,
ANDA213654,,,,LUPIN LTD,ORAL,"TABLET, EXTENDED RELEASE",
NDA214096,TEPMETKO,TEPOTINIB HYDROCHLORIDE,TEPOTINIB HYDROCHLORIDE,EMD SERONO INC,ORAL,TABLET,
ANDA209698,MOXIFLOXACIN HYDROCHLORIDE,MOXIFLOXACIN HYDROCHLORIDE,MOXIFLOXACIN HYDROCHLORIDE,SOMERSET THERAPS LLC,OPHTHALMIC,SOLUTION/DROPS,
ANDA210040,METHOTREXATE,METHOTREXATE,METHOTREXATE SODIUM,AMNEAL PHARMS,ORAL,TABLET,
ANDA210378,LINEZOLID,LINEZOLID,LINEZOLID,MACLEODS PHARMS LTD,ORAL,TABLET,
ANDA211436,MIFEPRISTONE,MIFEPRISTONE,MIFEPRISTONE,TEVA PHARMS USA INC,ORAL,TABLET,
ANDA210733,POTASSIUM CHLORIDE,POTASSIUM CHLORIDE,POTASSIUM CHLORIDE,STRIDES PHARMA,ORAL,"TABLET, EXTENDED RELEASE",
ANDA211081,PHENYLEPHRINE HYDROCHLORIDE,PHENYLEPHRINE HYDROCHLORIDE,PHENYLEPHRINE HYDROCHLORIDE,PROVEPHARM SAS,INTRAVENOUS,SOLUTION,
ANDA211783,ESTRADIOL,ESTRADIOL GEL 0.1%,ESTRADIOL,CHEMO RESEARCH SL,TRANSDERMAL,GEL,
ANDA218997,CIMETIDINE,CIMETIDINE,CIMETIDINE,AUROBINDO PHARMA LTD,ORAL,TABLET,
NDA020815,EVISTA,RALOXIFENE HYDROCHLORIDE,RALOXIFENE HYDROCHLORIDE,LILLY,ORAL,TABLET,
NDA020934,,,,PHARMOBEDIENT,TOPICAL,"AEROSOL, FOAM",
ANDA214525,MYCOPHENOLATE MOFETIL,MYCOPHENOLATE MOFETIL,MYCOPHENOLATE MOFETIL,LANNETT CO INC,ORAL,FOR SUSPENSION,
ANDA214957,GABAPENTIN,GABAPENTIN,GABAPENTIN,ASCENT PHARMS INC,ORAL,TABLET,
ANDA215408,DOXEPIN HYDROCHLORIDE,DOXEPIN HYDROCHLORIDE,DOXEPIN HYDROCHLORIDE,TEVA PHARMS,TOPICAL,CREAM,
ANDA215848,FLUPHENAZINE HYDROCHLORIDE,FLUPHENAZINE HYDROCHLORIDE,FLUPHENAZINE HYDROCHLORIDE,TWI PHARMS,ORAL,TABLET,
ANDA216328,OFLOXACIN,OFLOXACIN,OFLOXACIN,SOMERSET THERAPS LLC,OTIC,SOLUTION/DROPS,
ANDA216783,,,,NEXUS,INTRAVENOUS,SOLUTION,
NDA020750,,,,SANOFI AVENTIS US,INHALATION,SOLUTION,
ANDA217265,,,,QILU,ORAL,CAPSULE,
ANDA217753,ALVIMOPAN,ALVIMOPAN,ALVIMOPAN,HIKMA,ORAL,CAPSULE,
ANDA040745,CYCLOPHOSPHAMIDE,CYCLOPHOSPHAMIDE,CYCLOPHOSPHAMIDE,BAXTER HLTHCARE,INJECTION,INJECTABLE,
NDA011790,ROBAXIN,METHOCARBAMOL,METHOCARBAMOL,HIKMA,IM-IV,SOLUTION,
NDA021269,CARDURA XL,DOXAZOSIN MESYLATE,DOXAZOSIN MESYLATE,VIATRIS,ORAL,"TABLET, EXTENDED RELEASE",
NDA021604,,,,MOBERG PHARMA NORTH,ORAL,SUSPENSION,
NDA021990,EXFORGE,AMLODIPINE BESYLATE AND VALSARTAN,AMLODIPINE BESYLATE,NOVARTIS,ORAL,TABLET,
NDA022352,COLCRYS,COLCHICINE,COLCHICINE,TAKEDA PHARMS USA,ORAL,TABLET,
ANDA040143,,,,VINTAGE PHARMS,ORAL,TABLET,
ANDA040444,"DEXTROAMPHETAMINE SACCHARATE, AMPHETAMINE ASPARTATE, DEXTROAMPHETAMINE SULFATE AND AMPHETAMINE SULFATE","DEXTROAMPHETAMINE SACCHARATE, AMPHETAMINE ASPARTATE, DEXTROAMPHETAMINE SULFATE AND AMPHETAMINE SULFATE",AMPHETAMINE ASPARTATE MONOHYDRATE,EPIC PHARMA LLC,ORAL,TABLET,
ANDA071545,,,,ORTHO MCNEIL PHARM,ORAL-21,TABLET,
ANDA071925,,,,PUREPAC PHARM,ORAL,CAPSULE,
ANDA072354,DESOWEN,DESONIDE,DESONIDE,GALDERMA LABS LP,TOPICAL,LOTION,
ANDA073037,HALOPERIDOL,HALOPERIDOL,HALOPERIDOL,PHARM ASSOC,ORAL,CONCENTRATE,
NDA050784,ZITHROMAX,AZITHROMYCIN DIHYDRATE,AZITHROMYCIN DIHYDRATE,PFIZER,ORAL,TABLET,
NDA012141,CYCLOPHOSPHAMIDE,CYCLOPHOSPHAMIDE,CYCLOPHOSPHAMIDE,BAXTER HLTHCARE,ORAL,TABLET,
ANDA062391,,,,MUTUAL PHARM,ORAL,TABLET,
ANDA062763,,,,INTERPHARM,ORAL,CAPSULE,
ANDA065429,,,,ANDA REPOSITORY,ORAL,FOR SUSPENSION,
ANDA064030,ERYTHROMYCIN,ERYTHROMYCIN,ERYTHROMYCIN,SENTISS,OPHTHALMIC,OINTMENT,
ANDA065167,,,,PHARM ASSOC,ORAL,SOLUTION,
ANDA070209,,,,WARNER CHILCOTT,ORAL,TABLET,
ANDA070540,,,,USL PHARMA,ORAL,TABLET,
ANDA070852,,,,ACTAVIS ELIZABETH,ORAL,TABLET,
ANDA071183,,,,WATSON LABS,ORAL,TABLET,
ANDA074080,,,,SCS,ORAL,TABLET,
ANDA074431,FLURBIPROFEN,FLURBIPROFEN,FLURBIPROFEN,GENUS,ORAL,TABLET,
ANDA074745,,,,TEVA,ORAL,TABLET,
ANDA075061,,,,FOSUN PHARMA,ORAL,"TABLET, DELAYED RELEASE",
ANDA075662,,,,WATSON LABS,ORAL,CAPSULE,
ANDA075950,,,,MYLAN,ORAL,TABLET,
ANDA075371,DACARBAZINE,DACARBAZINE,DACARBAZINE,FRESENIUS KABI USA,INJECTION,INJECTABLE,
ANDA076231,,,,SANDOZ,OPHTHALMIC,SOLUTION/DROPS,
